"V1","V2","V3","V4","V5"
4.250245693753,3,6,10.5080190738626,3.03606581986838
3.1721508371496,12,20,6.2193489540975,2.65699377173707
2.42352502992257,8,14,6.93971612177566,2.61860186574142
2.26256328892794,6,15,14.1766568640593,2.22254471332956
6.30928328553678,5,1,1.04782191424082,4.06186730759817
4.96027215941742,8,2,1.68885618226065,3.77312334535131
2.94556187870298,6,13,6.48823459854959,2.98079890974445
3.77959470263498,6,4,3.25674945110259,3.53111188906544
3.47297118209626,6,9,5.47604915419486,3.13743107469726
3.25876780381528,11,15,7.01991794124084,2.53825719946745
2.4530512475326,5,11,7.51371653978797,2.94663482253643
6.33888459900762,2,1,2.85730113574535,3.90231946601876
4.58650601700382,3,2,3.27327955710856,3.71084653716038
3.74806692798159,7,6,4.0190718611959,3.41204456266756
5.41193777067176,4,7,4.66382771561976,3.63474269790531
4.8050344128786,1,1,2.31016983546446,4.24546299205172
4.96217318528333,4,5,3.97053353368681,3.74799333667495
4.23463294233399,1,0,0,3.98004152584869
4.70168466813962,3,1,1.14343265838327,4.24861322577028
2.57527791498955,6,19,9.90206794146924,2.321874392022
3.41749351882073,2,5,7.31992973478531,3.55187874732045
2.85812054068368,6,10,6.30879852742774,3.03892539336068
4.80726225708799,1,5,13.8104158578059,3.50930212284863
2.37003174378691,8,19,9.36758201377321,2.27761656778346
3.95975822981803,4,8,5.27341414510353,3.47670662846775
3.16299917455967,1,1,3.59325333422685,4.07871577694903
3.09239709933859,8,21,8.28044023292907,2.40307549454735
4.70382653212453,5,8,5.2704584199489,3.3256613844343
3.81544671346999,3,3,4.43329533396731,3.70211063849499
3.87403209244121,6,17,9.03274049984246,2.57027764921076
3.32064863983861,4,2,3.01461331926902,3.71740931073399
5.69045358965235,3,4,4.03229992499918,3.7575735009642
4.2406411121829,2,2,3.98342449682382,3.88885013013522
3.44552952236384,4,3,4.14922631556205,3.60907456480407
3.59862660903829,5,8,5.67155164063213,3.11832251653962
4.60268725349407,4,4,4.58518232288583,3.55985516066005
3.80172731416192,8,2,1.23891900064185,4.14934337318439
6.61278164987426,0,0,0,-1
4.0302272718974,1,1,11.38097749331,3.85555705521595
2.88833950113344,8,6,4.08035121014364,3.31235636443351
4.37017975073182,10,11,4.48107032037428,3.125130298473
3.69956252892043,3,2,5.73263878546034,3.50986614119675
3.5377908094474,7,7,3.66042236367953,3.56275964376504
3.35097905785653,5,2,1.64676852914555,4.09377061604106
2.40988511431313,0,0,0,-1
4.15090909606213,2,4,4.22996741316862,3.89271829766014
5.36898582647186,6,4,2.8209706274948,3.78315831752457
5.44457732315098,6,5,6.28219713111248,2.97674919186266
4.79010354099789,1,0,0,4.10201382521044
2.69643837194719,4,13,12.6300601828437,2.51534329765707
3.61056618171211,7,7,5.2374363206341,3.11723343647286
6.11844914932259,5,2,1.41337327960741,4.24286551879727
3.83266007328461,4,7,6.71388492969211,3.2782109409604
3.93722081251416,4,7,5.25427220366769,3.45865865176298
2.61571759152674,3,7,12.2215217354632,2.99459424178793
4.99107974755659,0,0,0,-1
3.2079708996299,7,4,2.65400441139769,3.66874333684887
2.85993312745336,5,12,8.22597758561086,2.84464152497407
3.93594997837102,3,4,5.61014058218372,3.56971224670014
4.6490759453268,6,3,2.16751472979672,3.91516519655721
2.15671045919423,3,4,6.59845736630529,3.35073355759358
3.52374042956698,4,7,9.60828884055601,2.98726023398122
5.72396683891903,2,4,5.32037949076206,3.81563184785904
3.8143020840792,4,5,3.77920759542912,3.62815554352085
3.40825536507578,6,5,6.8017855771292,3.00312814855032
5.20482771836466,4,8,6.78630689846122,3.00425098385966
6.8770899708969,4,5,5.9437884597279,3.34706890141492
4.07729265776488,4,3,3.77440477791655,3.63377192381161
2.60056332318714,6,13,6.89841198040748,2.88766099771742
4.50153152911914,5,5,4.67722366539437,3.43112900505562
4.8681871333698,4,4,4.02471619990992,3.60491017980551
3.07196521614785,5,10,6.95248285209533,3.02685045027419
3.1104641993053,1,2,8.09497438207138,3.88446723304078
2.45638958938689,8,13,8.60428245742653,2.46520590979164
2.958237815996,9,15,8.71630502347912,2.35419654423377
3.84131594466414,3,7,8.6767392327689,3.11259900135181
2.75432118493749,11,19,5.26924773360671,2.98223413076009
3.4504411767867,4,8,7.15556981643795,3.17814842877631
2.77983226820343,4,5,5.91001418814771,3.29333004751072
3.8012223636372,4,9,5.79318014556784,3.39716564150267
2.94453529274444,14,17,4.59805269050598,3.08748863465494
3.43491317409297,3,4,5.11044741416882,3.53474510687465
4.26988076724787,2,3,4.69309301544057,3.85330533567268
3.52793242060685,7,11,5.41223240347192,3.16144821277333
4.03725275793973,5,8,4.85887920880864,3.44544850767278
2.74113913165204,7,20,10.4039321795581,2.21296594987338
4.43419207305352,10,18,5.93858865241003,2.73934628352421
5.08740216098683,5,3,5.06095675220525,3.3016073840053
4.81101128887569,9,6,2.61495686922793,3.86565148824682
2.06727091933965,5,16,22.1638691168422,1.77416635850131
3.38440307629829,5,6,5.24151155565097,3.32558448173484
1.90547875496254,10,32,13.1458409645481,1.70258658003882
3.81530352371346,4,6,5.07294008537415,3.52073374679469
5.20377236428884,12,8,2.78660576139284,3.82902867440987
3.98291883756109,6,8,4.44864708972747,3.44784134545524
3.55644259496597,6,8,4.64039866365229,3.40421567013821
3.23204619307728,4,3,10.0752780779982,3.11774097240231
3.23050328763686,6,7,7.25429929696802,2.94416124028862
3.19160603329248,10,11,4.22079189362973,3.2813222625276
3.12966200070621,7,11,4.92262270873987,3.29547901878058
2.87574641220045,6,8,6.12071196444851,3.08029875288952
2.82499222216393,10,11,5.08291365601106,3.01993308584457
5.87816879111671,2,1,2.44426465862759,4.01180278792807
3.69644626946424,2,5,7.89956190600462,3.43447531884672
3.07921104281777,7,12,6.99339207183572,2.77985708355382
3.79837080667333,4,4,4.38381568363039,3.62290289140587
0.710384929225953,11,165,58.8823447019769,0.532021758772747
3.53797669605443,5,6,6.83995977202752,3.10138406728158
4.46389248582507,2,5,5.69123504210602,3.7695765586185
5.43510072468802,5,7,6.32373374961746,3.07395066488419
3.04040710247481,5,5,5.89020731925363,3.25733730250755
4.67807477310908,2,4,5.40204294545715,3.81002967236336
2.99318933448006,8,13,5.58212481111934,3.01459243262781
3.80269038318154,1,1,6.23429123485641,3.95124983521033
3.60738525154683,7,6,2.47820148568543,4.05579153134766
3.75853232727683,5,11,7.43970725396833,2.95743696886837
2.30294791202886,10,17,7.13415780496478,2.54737125248101
4.6118349986336,4,9,6.93601536001492,3.22569843496279
3.32973028650674,8,14,5.68160010336371,2.95776597205958
3.54459004809383,3,5,10.8146771435748,3.15201828671876
3.39241447125891,5,4,4.16338077805353,3.48797410855297
4.24891280815281,4,5,6.05516468529759,3.35023418230364
4.55391738576356,9,12,6.07673956283463,2.63900052458602
4.26933114155004,7,4,3.18183452103762,3.53472284583936
3.49591821730257,8,22,16.8179446733662,1.89212010932648
4.08149435950174,4,6,5.45795684567376,3.39832868976977
3.66924917815395,2,4,14.3273717082966,3.29150069858536
5.32156508564002,0,0,0,-1
2.01492277506399,7,8,9.0280818068581,2.61439990036357
5.08066939199272,1,1,3.97482835860217,4.0638554715053
2.93200053214011,8,20,9.60708499282768,2.31422139238936
3.18375451210924,7,25,10.1851376812771,2.24318328882745
5.46611747966164,4,3,5.14611973364717,3.45760548386227
4.47408247182114,4,8,5.82699522093137,3.3722432591104
2.39743791416418,3,2,5.60208656095893,3.51243525416849
3.05157228570986,8,13,6.03348898299454,2.78530944985205
6.64842919676317,5,4,2.6019572908604,3.97127607694817
6.00780404178661,0,0,0,-1
2.50864928892598,14,19,6.29626202673148,2.5928046661621
4.25946624681982,1,3,6.98383981027727,3.88886714044693
4.79603219707201,2,0,0,3.77913706475119
4.3805016393261,3,4,5.6712695400325,3.52145903337918
3.92111622000789,2,2,5.4455068551248,3.73746504658163
3.49115859713894,6,4,3.57136432317303,3.45232606956192
2.08505304744907,5,14,11.9362473405719,2.44329171038491
4.03770144745922,5,13,9.83038990059159,2.53655254854108
0.797550842254073,5,104,201.436135673257,0.449136628949359
3.87669027613696,1,0,0,3.96032080003328
3.10795052313766,4,6,7.97201335278855,3.14611921770733
2.54340564696413,4,21,16.3031044330059,2.19973154994788
2.91422768759433,3,11,12.4410863028903,2.76220323414895
4.62176852297496,3,5,7.51114874524985,3.26971705625536
3.19698390970067,3,12,13.1363248733882,2.7686412086256
4.11003072963522,5,6,3.85398857209913,3.66776896364731
3.38442252389604,8,16,7.26116428721007,2.67461526654436
5.04332486132811,3,7,7.62003900409025,3.32204761868364
3.44276656756485,9,9,4.88018626079383,3.11388225438757
3.35545148354433,7,9,4.17782042722702,3.45702769869773
3.40115314318079,3,4,10.4033024069166,3.20859484705041
4.44928885126477,6,9,5.11053534684499,3.26752810641596
3.04422561943637,8,11,5.63496679696928,2.94929915389602
2.57083568810248,2,10,15.7195942959574,2.87522139818553
2.30030589144192,7,19,10.7529636642733,2.22082682770657
3.58570598595381,4,11,9.38090204442093,2.88316040659879
5.93358276691044,2,3,4.87244384925949,3.86042159530243
2.00544942186423,5,26,18.2832013898962,1.86940869625185
2.422131477758,7,42,19.8236936246543,1.63619730825277
2.18763191785878,7,14,12.3407891190218,2.22712404867131
2.7830815179874,4,6,5.99853032762449,3.34272853846127
2.98217044983934,4,6,4.91942988006648,3.46477999567973
2.37936337254075,8,6,7.24719913780219,2.77492406252974
4.80671637238621,5,4,5.36500703627399,3.26856055028827
5.80109629546256,3,4,6.35917426710265,3.49886542522731
2.26538983266139,7,10,4.72752878739476,3.27698803767479
3.43377269682415,10,4,2.36319126098195,3.67232626138578
3.78698209078299,4,2,3.81320276357952,3.57523674203608
2.80085551146091,5,6,6.1092396382763,3.16748398481204
4.17529334784061,0,0,0,-1
2.98965129740723,8,18,10.5994158464054,2.17560314180598
3.17201770295347,16,16,5.23058307001349,2.8152685776454
5.28692635493204,9,6,2.60280694056882,3.81928682995043
2.68928083394676,8,31,13.7928995632158,1.73211321901239
3.82863770900846,9,8,2.82444286099641,3.92003244324873
2.96654678176251,8,15,7.44196574084858,2.63346249149807
2.8573540099045,6,6,4.44068141170413,3.35060050974846
3.58828339865913,5,15,11.4085849698557,2.34540242443128
5.13062375483843,7,5,3.7492809466926,3.44293737429818
4.25999954553142,5,10,12.0371666260225,2.5932969000144
3.09536391122486,5,11,14.6066995036178,2.41593825539487
4.60261528046013,4,2,3.23143387267026,3.66339554591651
2.1599555033615,5,18,12.2885382205765,2.3667364946881
4.30276097252549,5,3,2.62722190743327,3.81533207508144
5.1446392039046,4,5,10.649403543089,2.92745405455003
2.93693276778388,5,17,11.2885929423838,2.4701663436872
2.00581336032164,7,18,9.58909343500583,1.72256878049467
5.30137694070817,2,4,7.90795694735889,3.55732796445218
4.40852620197296,5,6,5.4409329265662,3.28901714559886
3.17753757311137,8,8,3.72107813482665,3.55353314962081
3.36549923687066,7,12,6.51129549832236,2.91175289768639
4.95757888637695,3,3,3.61087447556044,3.83987866862273
4.05733598992569,2,1,4.77669241013618,3.78088488151837
3.75003293777417,5,8,5.77399294293711,3.27140544405991
4.21320590632423,2,3,6.10382171333675,3.5598845478982
3.03515814618152,4,0,0,4.23770922321806
3.1406887859925,8,14,8.7040500789168,2.46986546356121
1.7702939278525,6,18,15.3781615264331,1.98853481482581
4.66766933849617,3,3,9.92019803518881,3.28809064301612
4.05548453927503,5,7,8.19669746517329,2.86070030281291
2.72479782891205,8,11,6.5497420955445,2.80296384986905
4.22587460432382,6,9,5.17258721913264,3.27275095023412
3.73235584872074,8,14,5.74560220023885,2.98925192424091
4.50086633307889,4,3,2.98901833394353,3.84284903202367
4.25691216220786,2,0,0,3.81269151895302
6.68847399959545,6,0,0,4.5099820633167
3.80670990041657,6,10,9.36773391385771,2.5548545946945
5.2327470449018,0,0,0,-1
3.86918499921895,7,10,5.03807797857657,3.22333268274503
3.54603508221533,7,14,7.14946614956366,2.78536629404541
2.60803071285694,9,16,6.55930409479484,2.72483434896657
3.29453499724099,5,6,3.54672909829305,3.73590081790919
3.7774741643276,5,7,5.08632734231822,3.27621946442665
4.3797550774584,4,7,4.27258153680506,3.69584039132532
3.71881138679798,6,4,4.11857154882329,3.38369463386656
1.56714192133297,5,38,28.481391909146,1.57920495951528
4.21295016980965,4,3,3.73699902184609,3.65528353357626
1.88401366291041,5,12,10.6632030396895,2.19516483409471
4.92950881574621,5,13,8.01224077697298,2.80010583499114
5.28064954140056,2,4,6.69920500367242,3.687568454472
2.97800922385879,9,15,7.21186311528735,2.57853214382309
6.08225576660219,1,3,7.46844869729752,3.87445043746349
4.61393863111782,6,10,4.78307890398132,3.39790222029361
3.49288914650181,3,8,6.65392929398204,3.38557987075644
5.8050132854475,2,2,3.59786440496103,3.95457470547897
4.75749658879614,5,5,4.22073394515088,3.50750737471697
5.00904833169855,4,4,4.09363350887729,3.64481777065247
3.53652402899455,4,2,2.61267157009275,3.80789909883389
4.58107172535992,5,1,1.52691069898509,3.76337383563991
3.27400981999506,6,9,7.90347206162618,2.84595199822851
2.85018800446599,4,6,5.26314152347765,3.4967140229252
4.68690239350819,2,1,5.93206767211821,3.70891517496539
3.76409420133125,7,10,7.0573065813698,2.8232763163053
3.10218729993349,3,12,11.2638823001694,2.83972187667308
5.81473696794803,3,0,0,3.95969382371076
4.23513688744698,3,2,2.95237328723536,3.88331522251596
4.69668210692774,6,7,9.48910670098989,2.63718694537601
4.84775831010262,4,4,4.23527915169228,3.63658733133309
4.46244301855983,9,10,4.47705211179108,3.25345275030099
4.05740364859779,4,10,7.33754869573964,3.13531131465215
3.04375180164002,3,1,3.37441346094843,3.69013325682432
3.47759268083866,3,4,3.99780412603063,3.79868819626364
1.77871577402701,13,34,11.5944708539239,1.68971542314128
4.36325309872088,4,8,7.51273922537103,3.09256479266408
2.84367811444184,7,19,9.92520843258696,2.35165526470772
2.81647209895141,7,12,7.70650139386811,2.67469731114419
2.62670978250754,4,14,10.6270094305776,2.71261165595562
3.28782670083521,6,8,5.66264821278865,3.10523093527628
2.33957678843192,7,20,12.8143820317463,2.13330077928326
3.15838310487917,4,12,10.8235481290114,2.67385556334312
3.45204523525529,2,2,6.29258684645743,3.71216910017394
3.57238762171175,4,6,6.38519090926518,3.26213796029411
2.98803491076366,6,10,7.56764401077464,2.85071538643097
3.20049913993891,4,19,12.2369057894613,2.49115594492964
3.24499155214924,10,6,5.33437302132673,2.88269915497512
4.32274841882115,0,0,0,-1
1.08607940028747,8,90,38.7899092317221,0.60742576969648
2.90131577235573,4,5,6.57367036996849,3.30873720662399
3.92919222866009,2,2,2.40472661443266,4.16815051899482
3.19614361843706,9,10,5.71718551726279,2.92352146745797
5.01766580588029,2,6,8.57188349541546,3.47181897667949
4.63717687742781,1,0,0,4.03064668100677
3.18105125617231,5,7,5.49688456801859,3.33089388563642
4.63673200911275,7,6,3.71098753472439,3.47195362812213
5.75166946853111,2,2,5.18693112930029,3.71250468181906
4.97288904476549,5,3,2.57373185405256,3.86870150474097
3.30623698468154,5,20,12.6541002089094,2.26254427104221
3.47779443723078,3,3,9.07656851224373,3.32807348461773
4.26465185675347,6,6,3.14507802759123,3.71689504792219
2.600220730545,4,4,5.57989669098019,3.36552977937425
2.88416756411338,4,7,11.3449827449213,2.86271102451156
4.44769727001012,3,3,5.24261443518466,3.59791074867727
3.34430812328016,8,21,10.4494270769572,2.18511144285407
4.57171619672766,2,1,9.39450610065307,3.61566202679908
3.2060356916255,3,4,6.87427860315833,3.46785144211228
2.00061075404557,4,12,9.47741589120012,2.78134083440264
3.38023231754585,2,1,5.19854202581535,3.73034291419073
3.74407191213088,7,11,5.56190823664902,3.10356509089384
5.11759759282218,2,2,4.1744614259731,3.88204141272252
3.58553103268159,8,9,4.22002953324472,3.41559562606436
2.41940812787325,5,15,11.9691560021798,2.43387863599762
3.28932507574414,9,13,5.53383437273731,2.95681962985196
3.60798994651885,6,5,4.54607364169041,3.36528111232657
5.91153777609933,2,2,2.52796701873261,4.14773041670617
5.00559893602301,6,7,3.14140594167784,3.83156931357022
6.17715945898374,6,4,2.12833884975988,4.08648757134935
3.48903602434429,1,0,0,4.0448236085909
3.08990404512621,1,0,0,4.09381712033445
4.08675190101565,0,0,0,-1
4.90228711643813,4,7,8.91497935847297,2.97228804344946
4.20008719251166,3,1,2.5587875873611,3.76642797198908
2.96334936461498,5,9,8.20404300625461,2.87129824116479
4.93666605784853,6,11,6.12664664548129,3.05068483983876
2.85359509201371,5,8,5.71782634689115,3.23819129359634
3.2678657023442,5,8,5.18613274434837,3.31278289323113
4.30460742708721,2,1,2.08297598537468,4.06991323392442
4.39490174713649,11,13,3.80855760971476,3.4549548690883
4.74841738605911,2,0,0,4.2432413725629
3.48631612194247,8,20,8.72272492154557,2.27342629976086
4.83194640683713,4,7,4.99976778408457,3.5229393363918
3.20768722320165,4,11,6.76249838337722,3.17665912974767
6.00862687627197,1,9,32.8835463095548,2.79277483933498
3.13228394504774,8,14,8.10349039175686,2.53289171282277
3.8186120726108,2,2,2.46144748217129,4.19121961894361
4.97354365126425,1,2,4.20608500800085,4.10764473237738
3.07662017987819,7,18,8.64663637260206,2.48070543814501
3.18219119172262,6,11,6.45384683527686,2.95023725673184
5.82122537444007,4,2,2.0925639598351,3.99887736710327
2.04573284614362,5,14,10.6465034356244,2.33438941397421
5.27117369869842,5,3,2.90873564800548,3.63390060595891
4.27932248682914,4,5,4.27801099170862,3.55548543085108
3.35273139900633,5,8,12.9590360289257,2.52485399118248
4.7563975158313,1,0,0,4.23035857871823
4.06246124451283,4,3,3.07758433320459,3.82956137075025
4.34061852671698,2,6,9.41304837896554,3.38278848263499
4.8500353534654,3,8,8.22333207433382,3.21637337785351
5.89299890359033,3,3,4.99273531087766,3.6155666169257
3.16929333089145,4,8,9.21367277574506,2.96419986326407
3.58518958219268,4,5,4.09411889078635,3.69932338301422
4.36235199545008,2,2,4.81432812260622,3.80153735693085
3.53411384182961,5,9,6.1559088722875,3.18718009683443
5.38970668252234,3,1,1.67682784111992,3.97358024524836
3.69389902431653,2,5,11.5893182085622,3.33137915174569
3.37804181606235,5,15,11.8847491941215,2.45196659196826
3.34259027595855,3,7,8.07872251217192,3.2315949054701
3.97095410400172,2,1,1.43401979389413,4.24392182432966
2.82311528542325,8,15,7.45327919187916,2.60897542512397
4.00660737764059,4,6,5.97804079396316,3.34872942408602
5.79830464083421,5,1,0.687061353851137,4.44846256123782
3.97663397053695,1,0,0,4.07250154211621
2.87488874071899,6,14,6.6625288929343,2.96766782642067
3.05597547878198,4,9,6.96097587392272,3.19630009866212
3.74381511269237,3,5,4.87442461953256,3.65028077210205
3.59815800678343,7,5,2.55389223799286,3.89732504951489
3.32776265504607,9,12,4.88364093213655,3.08181424257762
3.88012601573875,3,6,8.15960084033316,3.26290890563025
2.72988565683294,2,7,10.1998437295712,2.95109928664845
3.82027442454962,4,3,6.44268289687523,3.33034640708913
2.32330204505184,11,24,6.37958668335199,2.59704220404879
4.07539775582074,4,7,7.33879384293593,3.14308757833312
4.07715526916713,5,6,4.23598290180194,3.46017717615197
2.98241864948798,7,14,8.82767095005589,2.5522905332511
3.72485405952763,5,4,4.4772188546402,3.43829911476256
2.42736730156882,5,10,9.42947276911362,2.74857600192261
5.32446495750309,1,1,2.47401111574131,4.21725044809543
2.80341695486698,6,13,7.78604613659274,2.75833684290676
7.49031590989108,1,0,0,4.06727268813043
3.19093524324273,4,7,10.3224271619371,2.56260628885003
4.62530630091948,11,17,6.43520691483354,2.57504999147875
2.02511281392547,6,27,17.4127343178324,1.7473351069155
3.14904054715291,11,19,7.16825305912941,2.47427215687447
4.02381085743676,8,11,4.5855605836602,3.24354718210577
3.23918804770932,3,2,5.4471637235618,3.5592576960126
3.7430382163633,4,7,5.46397780893246,3.45130598201458
3.90090247982729,3,4,4.78086623815941,3.63650802830753
3.43610198664489,8,16,6.80792841955934,2.71024999007808
3.54178267192309,4,9,7.02011980641916,3.2040757813585
2.16158169185192,7,25,15.1466209354459,1.88114326671793
3.41090604953079,6,8,5.85496698149015,3.0280089152096
2.71739202739118,11,12,5.72214689410001,2.84382969418743
3.74974347252545,3,4,10.5089618803089,3.08046278468415
3.23219667990361,4,8,6.42015873440217,3.30035516552047
3.97285475667881,4,3,4.59210656304521,3.48769217771826
3.78281862245401,8,4,2.88335902317807,3.50549516445884
3.66275805290826,6,5,4.77088057283949,3.33779176344177
2.03346578524303,6,16,10.5096246431518,2.44405183370022
4.35999085470752,2,4,6.80278185747866,3.65387967338939
3.17851506029504,6,9,6.06769072692824,3.03869089228621
3.37521891396089,5,7,6.11168954745993,3.10308762941052
3.56337503744805,5,5,9.58872726781678,2.89774166756258
3.59412461493747,4,14,11.8202874667985,2.62486143797968
3.3594954332405,2,9,11.9745600210326,3.10560200283421
2.22929778234221,7,27,12.5215303383721,1.8949368178312
4.06334842621055,1,1,2.95284741479832,4.13008609867764
5.32488946278682,3,6,8.46034629934992,3.26203054802072
2.19696869088572,5,16,17.4658406674177,2.18482715377238
4.88728451424159,5,2,2.99319609634342,3.57936697418336
4.03660533379577,3,5,8.06912427202044,3.32843376731995
3.056528900753,5,10,10.6410598560959,2.6751026140266
3.55102158395089,2,0,0,4.27967164449454
3.57616820065796,3,4,6.22578892595073,2.8875717931316
3.30441199032744,6,7,3.08976580246343,3.91066167623334
3.19375585969718,6,19,13.5754223928555,2.16143985982867
5.79399517603589,3,3,3.52010420690895,3.8569433768343
3.41992349118487,5,8,7.77126061482665,2.98225604536752
4.01457908212771,5,9,8.73577853004536,2.86996240376218
3.69495838438736,8,5,2.34850658038841,3.97904469578759
3.07571825161833,9,6,2.6207302594102,3.83091772243561
4.63871588653392,2,3,14.333517943651,3.36478925268508
4.88955238496912,3,3,3.51218906452098,3.88149319953317
3.22580067318714,3,3,6.14579033172694,3.51729197636154
4.31803476087677,3,5,6.75594850294816,3.41337002330915
4.29075867072909,6,4,3.50771421706115,3.57010497465121
3.84375516830049,3,2,2.09792751026071,4.13792484581889
4.45320203312942,1,1,4.5459596710448,4.03248944643311
2.64480075534486,8,16,10.2630074705931,2.22154957880223
2.44210381437288,10,16,7.03116135596471,2.5377494469317
5.39999457781579,1,1,3.53750465533842,4.07086901983587
2.72634452321451,9,13,6.0590607909682,2.80679849485272
2.8448989525589,7,8,3.98700325814035,3.48259773336599
5.31453163350019,0,0,0,-1
3.19908111778714,3,4,5.92900666645511,3.51867384519681
4.2343144825171,8,12,5.77019420587371,2.96281276235256
3.16449295234367,3,2,3.05782027599816,3.8207301865085
3.18034106745295,5,4,3.66383357840424,3.60776645727508
3.31102312887618,4,5,5.95163114905168,3.38125957170478
2.26626318804435,4,9,11.1460710369488,2.83194669004675
3.87770243056476,13,16,4.37235369899286,3.14483875448791
3.17637974965324,5,6,4.04279720942043,3.60423479742324
2.04465326407397,6,12,15.5075984560103,2.17818713517922
4.52780600254805,7,6,2.67446106940862,3.91657472791381
3.67380761317043,7,4,3.23400094765507,3.53332917664697
3.20392461307915,7,15,12.5699430230836,2.17470050672969
3.49835556955636,3,3,5.72819698790742,3.50311282429105
2.37386643919592,3,8,12.1211905868702,2.94441093393341
2.63891422550569,2,1,5.43582103091206,3.73638971947051
4.27620150282994,6,8,4.32738167890958,3.44996038575211
3.41568267646336,6,9,6.18222253670361,3.05787671293927
2.75470253743775,13,20,6.98400452298318,2.41013194514549
2.60058199035315,7,7,3.87732420110022,3.4680238529425
3.11729060400767,6,15,6.71675414562551,2.90224044932277
4.38952025158644,7,7,3.2559209556635,3.78098020332723
2.3578725517488,4,14,20.757479131785,2.30104247188606
3.80580098650162,3,7,9.29532852205499,3.14518577288508
3.54925740940982,7,12,6.88480902655556,2.78601252275094
2.96153259033631,7,9,7.60226991373066,2.7677150359722
4.67721422971645,7,7,4.81037183956195,3.23697192154356
5.1851849973922,4,2,1.69449110396136,4.05311359383179
3.86615507597502,5,7,3.67236391229694,3.58922790374576
3.58718164689757,6,5,4.40359032809069,3.39154014838192
3.16845512498315,3,5,13.4132681616568,3.02835455291269
3.31983438305913,8,11,5.96306197224867,2.88754395785297
3.80905780321169,3,5,5.35890439228204,3.54655598376157
3.44146392527009,5,5,6.9898767143425,3.09580636872007
4.97555281365813,4,2,2.52677349744534,3.80738053552914
2.00694459352177,2,0,0,4.25969597699519
5.12785114152362,8,4,2.37118498723307,3.80143146590831
4.9309484986632,3,5,5.21541757463889,3.6480526452206
4.71505962704628,1,0,0,3.93859939944451
3.42746938048093,3,6,6.44304267668245,3.4338265959288
3.17886049090089,4,5,5.12241322998439,3.48420819934209
5.05142612429442,7,3,2.08417545775907,3.92712001864474
4.44949136223817,4,4,4.62182522545465,3.54866637886653
3.3690479867151,4,11,11.4746893528785,2.65580877934879
3.23573248607383,8,4,2.38191465639628,3.81269087501334
5.53311446981534,1,5,14.1561191624526,3.48953917104063
3.40473641298608,3,9,9.97093024819416,3.05149332864434
3.6965737817752,7,7,3.77855950586252,3.50403977180344
5.44079231084353,5,1,1.39218928490505,3.77719207442664
3.21485187278555,6,4,2.89422369165747,3.71796959248337
3.17853446196086,4,6,4.89580135732501,3.53710484788334
4.9615549798828,4,4,4.11677312618578,3.645419175577
3.8405944603068,4,2,1.7372181465933,4.13514252989312
3.26923020334165,5,3,2.55932447482469,3.65793127688474
4.88081371594021,1,0,0,4.04697997837962
4.14693919452152,1,1,54.6682223789189,3.6883378891135
2.21262941458554,7,14,10.8587341816523,2.26337657614482
3.31389079292133,2,4,7.24992350844438,3.61998701204397
3.14965785581833,7,19,10.9239288632305,2.24137502332303
3.27172542236771,6,4,3.12410025440097,3.66166417941938
3.30178370760845,4,3,3.11937948260947,3.77322732677007
4.93767813017729,2,2,5.63947578993549,3.74288754246639
2.42048783807513,5,19,17.2921660339294,2.05096094482434
4.52287249921837,5,6,6.21913766288939,3.17999017813789
3.71594664466046,4,1,2.13998374421159,3.7136266587141
4.450397008873,2,4,5.85648791374317,3.69496950832237
3.97815131706713,3,3,4.50439930778436,3.62481446858618
3.64760008076441,2,0,0,3.97763046513282
3.10826039030125,7,9,6.33376816656594,2.92509139741852
3.77736605750978,4,4,9.13225231080959,3.11409603435746
1.99989686189004,10,27,10.1278251826113,1.94221792975077
2.41639834083464,8,18,11.1441413144311,2.18220900465223
3.1643148791932,4,15,11.5993887195823,2.56843744604388
2.7145578034931,11,21,9.61674113907856,2.09576222504933
3.37395761751175,11,16,4.85292701947399,3.08922545132185
3.11673465720141,7,17,8.38784148738302,2.53941459873707
5.53597851269218,0,0,0,-1
4.39760558587426,1,0,0,4.126901995068
4.69852324370215,3,3,3.52454922445952,3.86455752558782
3.20116990573079,1,0,0,4.01495334746365
5.05628856588191,1,1,3.69643685753137,4.06927277638032
3.98287253683573,2,11,11.7525669100042,3.0475629159353
3.76285194831491,2,6,9.28008230229928,3.35158812949908
3.23981884556064,7,12,4.58364171172628,3.40126748736325
4.04658235207834,10,9,3.40780031255014,3.58459351596606
2.22419373305887,6,17,11.2826766357702,2.3517102946236
3.65651713023633,3,5,9.04936821944347,3.22936791488321
5.13063623225058,1,7,18.5105441092348,3.22856130079456
3.57241771651879,4,3,3.68739913513832,3.66254059278679
3.93723213659997,3,7,7.28575630926877,3.33446855735365
4.58058844674732,3,4,5.93247847884913,3.53059017367266
2.55282281860719,4,8,8.05114147433988,3.06695312596187
4.38668238380475,3,3,3.33947395300755,3.89879597997112
3.57188395779877,1,1,4.36078235230546,4.02991510762549
2.86244848405913,3,10,14.1371356172294,2.75022582807114
3.35191947047565,5,6,7.15139330730519,3.09007371874531
2.66668104656731,4,13,14.5216731258471,2.20538881300995
2.8061562745163,7,5,5.17153284191748,3.11656900316108
5.06946392971497,2,0,0,4.16767416993496
3.04411623405532,1,3,12.2486115415446,3.67367346227293
2.92599388172347,2,4,10.5801508538099,3.4196626894235
4.67847714562858,8,11,4.69991511663064,3.24639760476506
3.23334521595043,8,11,6.85641246018733,2.73425139603205
2.51380959674866,13,23,6.99738447256721,2.41209890589635
3.76855187743253,4,6,6.63097967938451,3.2833860891083
3.22367668035419,4,12,11.3907846894793,2.69622718130594
3.2002334229013,6,9,7.41005046777256,2.72532716055556
4.9412321753316,2,3,5.24689284351152,3.81110949722916
3.67714460912958,6,2,1.44045356575682,4.14466528862692
3.63441407575563,2,0,0,4.18131935895896
4.26151389600922,3,1,1.89475393089662,3.88780309694763
3.33810483263072,2,7,10.7348907554145,3.27045026271221
2.78623213957065,8,14,7.59736987793844,2.34633570378007
4.94830647971966,2,1,3.02939226873013,3.91244169896364
3.28085380322716,0,0,0,-1
2.78304012650329,2,7,11.3954096759917,3.21036782291784
3.59931051590125,7,8,5.15452635387358,3.07384983410063
2.90600432628954,4,5,5.72190889225497,3.40443639055184
4.03297697600368,4,4,7.35603268976172,3.19220103253094
4.14742640368201,2,4,12.1511451298118,3.21178914265574
2.97588240397417,7,7,4.46176921687999,3.32219427653673
3.0099461856516,3,4,4.02925215647116,3.77203748504365
3.53034513603594,1,0,0,4.18356335007661
2.02858621007258,7,24,12.7155247669985,1.96009855466283
2.23951589379168,12,24,8.44652047888933,2.18645723087996
3.45088714947587,3,8,8.66011293921857,3.13804367126559
4.0072164787761,0,0,0,-1
2.96533641556319,4,6,5.7823599840272,3.36159946169117
3.25760740241315,4,5,5.06820880382672,3.50134812413098
4.41399684195564,5,7,4.20241268065949,3.61486826801944
2.54833274735228,4,7,9.902386514924,2.8926614744633
2.13628146371461,7,15,8.56888471187876,2.42427352172496
4.10151742973056,5,4,2.64512401526513,3.99310056763722
4.00595714989061,4,4,4.81503350787583,3.52933695680634
2.11641078032403,9,20,13.4923084323782,1.81209384258515
2.49778081062012,6,14,13.1114641608806,2.28469722018742
2.79368238861594,4,13,9.79873753362495,2.80447427379208
5.23332838559576,0,0,0,-1
3.51917288417616,5,7,5.85148281662596,3.2531235199254
3.05154002359382,4,7,6.197703144905,3.32033752867821
5.02431754885533,1,4,10.4658495037728,3.68218667749594
5.37767321294791,1,1,2.87943751690668,4.17182885447701
4.63877857448658,4,1,1.47169424252144,3.90417057422437
5.43743538933546,11,4,1.57349603778819,4.18792290091445
3.98379601516401,5,14,8.98068628362564,2.72260340743515
2.62268837349768,6,11,10.0362218299907,2.57827223603218
3.79476338224593,3,5,8.45052672824142,3.28827143949823
2.96448488952961,6,10,7.02926241811307,2.93588331345973
3.29700687762456,5,7,5.97595748463179,3.21656528666885
2.1476668782915,11,38,12.757228188871,1.69558482695493
3.14081588503583,13,12,4.8042628474588,2.9743481566178
1.80040437105676,7,12,7.9001039223843,2.63233003070326
3.57455463154008,6,6,6.77621533074718,3.00226868314468
4.26382175649799,3,1,3.23151807814557,3.64067162345413
3.75034865591035,9,10,3.93494549037378,3.39027413181546
3.0775224106721,3,16,14.7277554541049,2.55677243377325
2.91898662031271,7,24,10.6830876047664,2.21146670291054
3.44622800479165,13,15,3.718916600276,3.36039763571284
4.1576771652418,5,4,3.41953206378915,3.63674571004501
5.98668102113082,3,0,0,4.01063116086172
2.73707665347072,3,14,14.7795283259077,2.61175725112542
5.69699158868108,0,0,0,-1
2.21697280552246,10,40,14.7597442822846,1.59701255334913
6.61847333653713,1,0,0,4.13522941326175
4.14308930688575,5,5,2.82700445994537,4.02496903905111
4.74160359402279,5,3,3.15154134799001,3.64334599001122
2.07152753621035,12,22,8.17638290373387,2.21416143252662
2.67046291467305,8,15,6.03300936247055,2.92110631610006
2.72210590336839,3,4,5.39934241949114,3.59496719112001
2.72119289438338,1,0,0,4.10872971452147
2.13892317906091,6,23,14.0282776424945,2.01490465149489
3.78204537320982,2,3,10.4602081417748,3.35468218429264
3.57279000370919,5,10,5.81324656106972,3.1932260462911
2.57155999755191,6,22,14.4667031795609,2.02071583590309
3.93380513369833,1,1,3.41436771459644,4.10531060796118
3.92077088341695,8,8,4.4645829445038,3.27868875205781
6.78014745745112,5,5,4.14408346496321,3.53688640128226
2.59266856524851,4,12,11.1436470653249,2.71051754079625
5.72393482341729,5,3,2.46548299632518,3.89333105939629
2.89400795110683,2,4,5.53656825740754,3.77521147179156
3.43535298531513,6,8,6.22329787595416,2.96718089283011
4.46903935903394,5,5,4.6018761589405,3.44701043648239
3.83233688730698,11,15,4.94863337978291,3.05390847065433
4.90785064663722,8,3,2.17346884540056,3.77898575903765
3.31603569445685,4,10,9.47373229173735,2.90651421019225
3.18336336388354,6,12,7.08860970501255,2.88587485209048
3.28284196261241,1,1,2.97129146997117,4.14283429896581
4.99248368143049,5,6,3.62798184029656,3.67184108038358
3.50916029402538,2,4,7.37301401637529,3.59767936127406
2.82913717687224,7,17,8.32348972142763,2.56997065949547
3.74510892264308,6,8,5.58216159785934,3.17613014448261
4.76608693573421,4,5,4.70659573550718,3.52135298217488
2.63649920102438,4,13,13.3244267417956,2.52066473962226
2.7446084041669,5,11,7.40530474610209,2.96668328409609
4.85926636312406,2,4,7.68851594168451,3.4923273850051
4.59377128741032,11,7,2.36438690199851,3.9629712942425
2.34126530319523,5,14,15.1108258706344,2.30615756000029
2.65833931284584,8,26,9.87025090739332,2.14468299529797
2.22034953950784,7,15,7.57579974227432,2.69973049549874
4.19539730069824,5,5,3.62967624789521,3.67431159654541
1.7856188356149,9,26,10.3671447488938,2.00542784071162
2.83217169096774,7,9,6.47002302617638,2.9491740274984
4.21263210302278,3,4,6.05010246874155,3.48889238814937
3.98524370181058,3,5,6.29186332220623,3.45437157893118
5.1622945329832,2,1,2.5022606569197,3.97205314104247
2.97783045887355,5,5,4.22493874685515,3.52879926738241
3.81135143271507,4,5,4.38164157777331,3.64468818924838
1.39375165901756,7,15,10.3989516826932,2.31208440734584
2.44994079312951,11,21,8.12028860565765,2.17881278664652
4.0977247503859,7,6,5.69101488061685,3.0178289266191
3.71428626982223,1,2,6.70260269261185,3.92788073667738
2.84352542337434,10,14,4.54467619961501,3.10832438769585
4.36826425035352,4,12,7.46052890574504,3.09503665298336
4.71127256992185,5,10,5.97385981124979,3.18424072443218
4.3767288370528,4,5,4.55756739973427,3.60065106918103
4.82768933096264,3,0,0,4.05053486607641
2.67828633472165,5,4,4.0787917122079,3.52466275890932
2.97539397201048,3,3,7.95845077691147,3.36568568528245
2.97262875282831,6,17,10.7184753845593,2.22553564070217
4.36606728239098,0,0,0,-1
4.15237524863439,2,1,4.54900547341115,3.78573675652888
6.03067310578027,5,10,7.42330469333776,2.84216814356079
2.78105987935065,6,14,8.58994936153127,2.65672674949094
3.00193158486639,11,26,8.02570194290686,2.00767576939239
3.71320005903545,4,10,11.4772024247516,2.75833684520893
3.81711843934034,9,7,5.16491275140416,2.99681781009281
3.39370867533363,6,11,7.42046717336276,2.85448426874688
3.90006549089759,7,14,7.99137866113686,2.64653985076139
4.23420241491283,6,6,2.95163560995676,3.8937183382487
2.27828540375269,9,19,11.6143914399544,2.02268281928274
8.39829405746708,1,1,4.71250905229956,4.01202539895444
3.50053833883797,7,5,4.50554683640197,3.23197379364079
5.28819635181217,7,7,3.909942125805,3.46550540678289
4.82197132336072,5,6,4.19930325633653,3.53963571345164
4.89595786667019,3,4,7.31540018139223,3.3989392293906
2.7667477821278,10,12,6.30937372552988,2.62250476358887
3.17146549329214,6,14,8.8923213183477,2.64347357528004
3.85585619927462,1,4,10.6209388042313,3.66646673144898
4.65365480332245,1,2,4.15787251085739,4.12161792199475
3.28936634540513,4,7,10.5887487472157,2.85554505951177
1.97185641627016,8,23,17.3147485377861,1.71163383605898
4.06784023984794,4,2,4.64075195795535,3.45897599098969
3.31342640500952,3,3,8.36948660675948,3.36765852709265
4.53018611831398,5,3,3.32339287138512,3.53729787309184
3.47335134060009,9,13,6.3944164194384,2.62781486737453
3.55842926797225,9,16,6.21506147657996,2.76599317639378
2.69996130634648,6,19,12.6113514129063,2.08519160421515
4.15930860525911,1,1,4.01697575038754,4.07256909129964
2.04312656722618,12,22,7.37492858421107,2.39920362624005
3.50479862160097,4,0,0,4.24581157520154
3.94864612165776,3,2,3.7159694506441,3.75930774086938
4.75636529500728,2,1,2.39690389104278,4.01607188949818
3.78717955192057,5,7,6.19159960168704,3.19056459991432
2.52859156706174,7,31,16.243269437294,1.76197674299141
4.73793897422179,4,1,2.13453859752919,3.69505473642226
3.04747598966839,7,15,8.38149909808683,2.58147499854126
3.32837982358496,2,8,10.171114190254,3.26105382877026
2.75628996607179,1,6,19.2023242148607,3.27187111828854
3.76246318665415,3,6,6.67974561443446,3.41701558450115
1.82567937371027,6,24,16.8869794800702,1.83805143827605
2.97086061478383,7,21,11.7661659321116,2.08521108644055
2.74081512421267,8,15,9.72527192446602,2.26698016091759
4.1380402988843,5,4,3.0623896478306,3.7555226401362
3.21491376061162,7,16,7.7395850198375,2.65363343695167
3.36797281742985,2,7,8.59691295760225,3.4160723777155
2.99538222743793,2,5,16.9193810702724,3.15170837366185
3.78071859001933,3,5,5.09069509197062,3.63902434238364
3.76216751199565,2,7,8.98835381161619,3.39179452905322
3.749704415599,6,10,6.38979048201806,3.03043543991809
3.09091645019283,4,19,10.7260409051073,2.625076048044
3.47428198581448,5,4,4.76963032683939,3.33445769856959
3.29247572703714,7,2,1.69805981300459,3.83248831001009
3.01722759737348,6,15,9.64188435198695,2.52843599374182
4.64018753319247,2,1,2.48996997364186,3.96231251134001
4.29465780264775,2,1,2.31007040038404,4.01780350653993
4.18319785524226,5,5,3.52571154295044,3.68315372514519
2.65354599691562,7,7,3.87457514726688,3.51931482254692
4.19392465652648,7,11,6.5065220367639,2.86035540568871
6.37368736234998,2,1,5.4570188525564,3.75345500154663
3.09360441828226,8,12,6.77969842940653,2.75840248908548
4.06770299542651,11,15,4.01885266302491,3.4146914743826
2.60301842126454,6,11,6.83019032142605,2.93093416723416
3.06918968011583,5,3,2.37282152736688,3.98791420461207
6.27260269904043,4,0,0,4.39519733829056
3.89790110187976,1,0,0,3.95707997278428
4.44784044785948,5,7,4.28430077950255,3.53613235718473
3.35696984811744,2,5,8.83857364524422,3.41158819474221
3.8904079597734,0,0,0,-1
2.43935708972102,8,16,9.28797762818822,2.35258017521862
3.29723959630174,6,8,6.00720386458195,3.01866858731939
2.7176392892646,3,8,6.07710243907333,3.52244744510518
3.37279798293225,3,2,3.31295569695589,3.79167938798337
1.90155824210412,6,17,18.1468914128981,1.87333709151843
4.01744633001919,7,15,11.6789209448109,2.30463451304698
6.63261737417788,5,3,2.62955476484994,3.8465561780757
4.09462873634963,4,6,6.03774067116893,3.33511735896004
3.69625222850583,4,5,5.6571548645211,3.3761582965116
4.37160627494212,3,3,3.57694098683733,3.86043428993799
4.66430699749783,4,5,3.56943180250618,3.84749764166198
3.43020461750294,3,6,9.68073498649431,3.20762697014081
4.17226610530301,3,3,4.08561985130015,3.77057068134961
5.18598996199704,5,5,3.61984624334317,3.69737555745522
1.99294035187268,2,23,32.8404974736824,2.17401385409608
5.40585360461475,2,5,7.50398791023056,3.56693237176075
3.55020008471659,10,17,5.50451258595236,2.89273992806044
3.83509047691403,3,0,0,4.12550524509134
2.40929717074248,9,16,8.66222238893391,2.33439165171511
2.65829906605533,3,7,7.86231164399846,3.22102825506394
3.64643123169185,5,9,5.95773611802242,3.23900857036951
4.08681195203947,2,6,7.44791358513661,3.53103067613155
4.10730803177608,1,0,0,4.15510393285861
3.14596997887359,6,1,0.84261091502144,4.11924029638088
4.7698391900024,7,5,3.3144900229652,3.32428342772335
6.12972944266959,12,10,3.10473333768668,3.61400615082277
2.69822858046601,6,7,6.31402342034144,3.07831191337114
3.86815235252175,2,4,8.10813334428604,3.55772099135017
3.02985932822004,1,1,3.63753893612882,4.07430685152698
2.96062923637724,4,3,4.35064831846705,3.50302289475662
4.70758745505466,5,7,4.11442882856345,3.56378257134382
3.2947751673535,3,8,9.06666679833819,3.17181950628163
3.03222359875929,7,13,5.99141325662995,2.98024202283608
3.37676242166597,6,10,5.07395634390647,3.06756759934479
6.21325761492791,4,4,3.0599495727935,3.91263407193978
3.31355141888955,9,20,7.79937634638094,2.41895785321568
3.04868845531086,4,13,10.0863305259261,2.78928425602341
3.91484144098216,8,3,1.54938666977606,4.24076610149076
3.0849432226116,5,11,7.8928263789715,2.70710425206241
4.75845533937554,2,1,1.14083824193798,4.37244642141471
3.22945340213693,6,10,8.35498226238534,2.74689944527426
6.23476304690116,2,1,3.39417441959097,3.82772442798929
3.53075127724376,7,13,6.22340533973577,2.89748762126792
8.52764643049414,4,4,2.6988771239499,4.05402677813295
5.04777818238257,4,3,3.2881682241686,3.78194423610127
2.9632291543588,7,14,7.37854021214695,2.72266583119501
4.19744848557685,3,7,8.67278489505638,3.22621931846271
3.16572992695412,2,8,9.44308104075755,3.3461894254077
3.57435373156457,8,7,3.51259522092809,3.56852170416717
4.15797967360025,4,9,7.43233770651525,3.14851977152855
6.055218674014,1,0,0,4.33637799159299
4.20298123421235,4,4,4.61221763448803,3.55597879144559
4.55683370093322,4,10,8.68818682363117,2.92857358296331
1.9046863694559,6,35,21.5238562853548,1.63363516953338
4.33440161398286,7,7,4.18096006991121,3.40877055609326
2.83297161735014,5,12,9.92898961931749,2.67236365958985
4.61399036066919,6,6,4.16736950611106,3.42354259123979
3.86518317800306,1,1,5.07916320487033,3.99666265364189
4.91568015092465,4,4,5.41517731123774,3.41133141610697
3.16269928528089,8,6,4.11017056148919,3.33346033520605
3.08192359939253,7,16,6.5455851906578,2.86647886498372
2.10287136233068,6,4,3.47296511993691,3.59174210797977
3.2075170518628,7,8,5.18982323494208,3.08437771961353
4.09220143908133,4,4,4.99530711153316,3.49690030939753
3.63404928353053,4,10,9.56894086376821,2.88981290859908
4.32338638496174,6,7,4.98682469800261,3.28531849178331
3.10892134873197,3,3,3.73039336404479,3.77790950796375
3.50511609979609,8,9,6.01381249611992,2.89799918510948
3.40114923907131,5,13,6.69365174555123,3.05123307080308
4.39371380791398,4,3,2.48346733618323,4.04431332863527
4.14898206469224,2,6,10.8496974984683,3.3100012373022
3.76097796973693,4,4,7.08283876651461,3.22678629018411
5.28897603802027,6,7,4.3742141133489,3.3560496826755
3.75761753366309,8,7,3.55688562907067,3.58610757507781
3.66208891926445,4,5,5.6949520933741,3.38301432028146
1.87570895911081,3,12,18.865248185199,2.60500997257682
4.84338889912796,2,1,2.33191537506985,4.02935956137333
3.22393784047589,2,4,6.07438090608771,3.70982345771426
1.72822319594002,11,32,12.6477266862767,1.66143248817233
3.49972352702032,3,5,7.99245324093921,3.259306223788
5.00894210263545,1,0,0,3.94272118327654
5.45863718621548,6,6,5.22325629327416,3.24274001733869
4.32949530122129,2,3,12.6669631437743,3.41648702650395
2.42958957089157,3,9,17.6054921907099,2.63679730532957
5.06891518861908,3,5,5.29957369204135,3.62359561152844
2.82753948365459,4,20,12.8650578537995,2.21579543136704
3.03618560823366,7,19,10.0800321670838,2.19328949949401
2.69473710676384,2,2,7.50180785937245,3.60129909549906
3.52892976088474,3,9,8.54324559094492,3.17241504164289
3.67337630635327,5,9,8.32055081484841,2.87333453380401
2.61965851381564,9,24,10.8461321917902,2.02993733876709
3.62822305790212,2,2,5.24792289416034,3.78631183698894
2.90163085925266,6,8,5.71815188504058,3.09473997845986
4.4789965098273,2,3,6.82873119851653,3.67154336694677
3.44541417088507,6,13,10.0848277734834,2.51212084820079
3.69106986016018,9,12,5.08851216582392,3.04479895316421
2.95515901313928,1,4,12.906094501266,3.57755228230109
2.5361522036146,7,27,18.729843169716,1.55652205462195
4.65345648647866,3,5,8.84446058027882,3.26550169904674
3.86640208338571,2,1,1.38817973253578,4.25601105922377
4.66322225595053,2,0,0,3.9241134789345
3.15988928848045,6,3,4.73506267394945,3.16746277002287
3.24825821276336,6,2,1.48411603991608,3.91516905157964
3.14926697884661,5,12,7.17740590077274,2.97787420091977
4.87363940381593,2,3,4.42854368847276,3.87863656378645
3.56499694875173,7,5,4.50728162065427,3.26044760025135
3.4521401710679,11,12,4.93103633715066,3.05072879207979
2.97877112110469,9,16,7.10795064521027,2.54223274663985
3.34903494154164,12,12,4.2308090666764,3.26066353616169
4.99976538467063,5,2,2.85194037570021,3.5485962937104
2.33194179350932,7,15,8.96726435341724,2.48790210790316
3.06289658391811,5,7,5.09633349083776,3.39168324303084
3.42581135888699,6,6,5.64269609449023,3.09632616209397
3.89529836134187,2,5,6.71397722332152,3.62518874932398
2.83942410332906,9,10,5.20284990596371,3.04469128056808
3.34003583707362,4,8,11.0166079844245,2.8305385382746
2.78326038587985,7,8,5.07169545819268,3.22398186490443
4.59392060034696,8,11,5.40241779860346,2.97325518044382
3.79416629091108,5,8,5.47073599475644,3.29980194185368
4.5024498910016,2,5,8.14579270572259,3.52923723335532
1.4400951577262,0,0,0,-1
2.1970201619909,4,22,13.1585115833438,2.35732032779798
3.97045461668291,6,7,4.87346558711059,3.31450784840131
7.78812383062693,1,3,7.16145621175288,3.88913733078385
2.27681476676272,5,8,6.3290214718884,3.17531748046901
3.95317374874292,5,6,5.0009467218364,3.36414946964265
3.39051038759083,2,3,4.35738684126347,3.90106985528484
5.6873475920971,1,0,0,4.26344632409791
4.25424467806824,6,2,1.90233441382462,3.80713696931292
2.99945023228878,6,18,12.4129820335268,2.23072071200772
4.40654420761292,3,9,7.95150327070186,3.24997485356499
2.98900789903938,4,7,7.73771552568821,3.13094447906554
3.46140309498871,11,12,4.8398458954107,3.05894512084856
3.75875342839016,1,0,0,4.26971467315236
2.71233312798455,7,18,11.41473346287,2.19899392124368
6.44371835100158,2,1,2.45524110858962,3.94006257028325
3.97313314865013,2,3,4.94708701075799,3.83587041833023
3.23385701819359,8,12,6.93644903319149,2.67376530896354
3.48654304864901,8,22,8.54346380827027,2.38353504330609
4.7831721427889,4,2,2.75907086250338,3.76177617130766
2.79903317034249,9,12,4.73687525641255,3.01508642831083
4.46974114678346,3,6,6.46991920685282,3.43535796852133
2.8960771801074,6,10,5.80927502575528,3.10226515106834
2.05406535229432,4,5,4.12643041891946,3.6866083404197
2.88112817595802,5,15,7.16784108785633,2.97651210949272
4.04120504592556,6,11,5.80047945164591,3.07047005941681
2.73798357996297,12,24,9.40184839615716,2.03935595300293
3.19207423820387,6,11,6.35543749154698,3.00575394638463
3.3707369326526,5,2,1.9863030953692,3.8979855789266
3.19975029377998,3,3,19.3585794558581,2.91891319306543
2.84785263053544,6,13,8.00407874124777,2.75471399879366
1.50666153292074,6,15,12.9200004661837,2.13464987187956
3.89500092068349,4,3,3.07175678785806,3.78615943138992
3.17673189529198,6,11,7.87462336213942,2.75812692456809
4.00011748588216,3,7,6.09561884934966,3.47491956907977
3.55014179145305,3,5,4.39066437801662,3.7598238112285
2.13214156955774,4,9,9.0294249462909,2.94214043645001
5.31581095442019,0,0,0,-1
3.26074147364943,3,8,8.94523887605933,3.1563694318645
4.06168129162796,8,11,4.98602120827611,3.17446052550462
3.07678130738191,4,12,9.23096902430967,2.88107556247245
3.3592650003664,5,5,5.18022137001113,3.26934338463892
5.19660324372464,3,2,3.27439453465374,3.80295606531132
3.69663631543884,3,7,9.38082318378526,3.1694657424233
3.00334445179539,4,3,3.05883138508541,3.73942337430381
3.16881722513922,5,8,4.62448568968956,3.51378640363933
7.12618233596494,1,0,0,4.13925738904507
2.31156097724929,4,4,3.88701551787387,3.59147314850696
4.97526647915599,2,1,3.54498673188898,3.87465602824089
1.36652250305124,7,77,43.0434489604057,1.02894882715277
3.9444884107652,10,8,3.08966521578116,3.69753276583898
3.27571757000812,4,11,8.23117731416466,2.95504549943615
3.75798248239264,8,20,10.772951459558,2.14112305474705
4.89497090355101,4,6,7.38256849275283,3.12788280188228
4.21373037678142,3,5,4.06744297030186,3.8607900480466
2.89659039719526,8,10,6.07862007105737,2.92157179824753
4.50341802515384,3,4,7.86105288227392,3.34666248500344
4.10070358878045,3,7,8.46283663646054,3.1521572634029
3.73867820914466,4,2,3.1797608532172,3.70431666518586
3.01253807552973,2,2,5.01732788772727,3.79192050084717
4.94683064662355,3,1,1.72278471543304,3.95616261681623
2.45610434258653,3,19,21.0708529689127,2.28125374734233
2.7687922697714,5,18,11.9329501978837,2.22842640202202
4.14703860880457,5,4,3.11708189311216,3.77443996023755
4.40102114105419,3,2,3.88840794676259,3.71392431026982
3.08165997804837,2,5,9.61990726839187,3.41656338612355
4.86641662829245,0,0,0,-1
4.38218083581905,2,2,6.9319235219279,3.56963847985807
3.80779825684829,5,10,6.75873270632249,3.00547529997413
2.61695551128221,8,16,6.25087338539181,2.84981835626211
2.64468188201272,1,0,0,3.999862131518
3.45764956514444,6,4,3.91452649788404,3.45847361762422
2.98197034757918,2,6,6.88396920605583,3.61707346315606
4.43505958445378,4,4,4.76228942466023,3.51184182537672
4.00030865773411,8,6,4.57572817521648,3.19527520046047
4.58142309249366,6,3,2.82452191784094,3.62146707731584
3.2471134080214,5,3,2.42266559144296,3.87742086782681
3.32971234835196,7,12,5.38762532852143,3.16664398296463
3.99413247559539,3,3,3.58837781719057,3.80758088968661
2.49435194357828,8,9,7.25654305227898,2.69707027168875
4.05850889100738,1,2,5.03878920773031,4.03000453518097
2.59687128824536,14,18,6.05855850522642,2.57144186062116
2.59577134064372,6,6,5.97548535674978,2.99914954470642
5.05211018370268,1,1,6.23088334397989,3.96109373081672
3.27647232806376,3,8,15.6329905487753,2.7964274962442
3.36333916589063,6,10,9.08538595524502,2.59734062292481
2.29841157754933,6,13,9.1434772321117,2.56293079875744
4.36285949528962,2,1,3.05861682493964,3.90555838989858
2.59245561571385,4,13,17.2114462977227,2.28741380070403
3.15118721415797,9,16,6.2946006438225,2.723317253702
4.13164687744101,4,7,5.06872492192202,3.48072444285082
3.83992326387184,5,7,4.93472970673044,3.44543961273115
2.85235823655423,3,4,7.10264540795149,3.421632762236
2.90571395599251,8,9,6.3664641085922,2.85182376944578
3.9853799692994,4,3,4.04070191756248,3.55328534918534
5.67790257922879,0,0,0,-1
2.75166482989565,4,8,7.95962484886041,3.10831819309336
2.55593609864714,6,11,6.02483548554178,3.0870947426909
4.12654782723979,6,4,3.42979691862975,3.5811194756955
5.26455999314052,1,0,0,4.32068678032373
3.4138891878196,5,17,10.4513540593864,2.51230011702041
2.37124803763664,8,17,12.7179559036368,1.91881350086027
3.29695370760175,6,6,3.91210321199013,3.56147809500201
3.44876837315198,5,3,5.78282771171348,3.23712337085898
3.18881175300009,7,16,10.7133043472856,2.30907769912969
3.03597041208072,9,10,4.06897384645645,3.3872466146759
3.79290751665445,6,7,6.69106747312519,3.00401667399092
3.49444071149448,3,10,10.5219890382612,2.14207828744883
2.96625823623034,5,20,13.3403235527118,2.30111616777595
2.41986576481448,14,30,9.55841442001111,1.89259907568955
3.95312218854118,3,3,3.11108292652243,3.96808229755261
4.39880508482503,4,5,3.42286570353964,3.9066001260529
2.11017330849756,10,19,7.32546934469869,2.45654254889366
3.37034483638872,3,5,4.59452253554239,3.74736305059089
6.17748234000584,4,3,2.31508248153603,4.06739666700649
1.86733315240264,6,7,5.71500603329536,3.12185142491325
3.79686769601438,3,1,2.70827075656821,3.71407233241723
4.09882360835238,7,15,7.46289167765683,2.71229419966611
4.87874103717916,4,5,4.48010437550509,3.57810061713673
3.09852296686736,6,2,1.93340959681708,3.72582961818544
3.29752095666643,3,4,5.17164518955017,3.62748113179249
3.97439710649178,1,3,8.94749136569109,3.79095060841381
2.34551649767157,8,31,12.4812325744707,1.88177906689886
3.42169712142089,3,0,0,3.70845538595948
5.30823886098724,4,5,4.05950333197719,3.67588918716804
2.08757859614684,6,9,5.35423161041345,3.21086508962048
4.16615560614309,6,5,3.91238623341142,3.49774706802226
5.56530832216597,4,3,3.01979795614774,3.82541857941426
3.05342948998258,6,13,8.60974586487921,2.64407887397545
2.74198001546649,4,2,2.17735456220285,3.87258085712286
2.82650309060564,7,15,7.78277623491243,2.63381593447572
3.21133167907913,12,13,4.06559974949705,3.33906678078272
4.55800703299286,8,3,1.71813765578646,4.07579824850378
2.91455039855934,6,15,9.69776557583235,2.50292216516045
5.58551881395592,3,2,3.20852000501546,3.83024797939329
6.77950434690714,2,4,6.29124360128021,3.70925980983881
2.85926636438843,5,6,5.15500859607397,3.37061248979574
2.66845510581595,6,5,3.54437922692398,3.26970944697451
4.09271059217925,4,6,5.80115626248628,3.2786568253542
4.73235358536381,2,0,0,3.9110021353163
4.53522781305973,7,8,4.30410914446255,3.39981320825425
2.27370183414052,5,11,8.66951224368313,2.6878538416636
3.21888702962572,9,9,3.23663175660186,3.74363053328014
3.53000833776188,5,5,5.0148880873404,3.30056415931234
3.23405118763945,2,4,12.4339375106186,3.35908800093355
3.11203975178674,9,16,7.28758654208212,2.5807875221318
3.12400155087249,13,23,6.45514808262197,2.53264926646113
5.18056435026176,3,3,4.51732595843549,3.63017001659868
3.65332631279734,2,5,5.371377641182,3.78786841646615
4.10107981165791,4,3,2.71361096928312,3.91928419377822
2.9366705516556,2,5,9.20017711124476,3.47570327623319
5.05874822681901,2,1,4.21229647601947,3.78678127666328
1.89879766686663,9,30,13.8436026698157,1.72860976978875
3.05245433010712,10,16,6.61860639659198,2.64754546987146
2.56732983643992,6,3,2.09551819755017,3.96845626645523
3.9929721771783,5,7,4.29103302424699,3.57041546946883
1.64211875462849,10,34,14.2987386058773,1.58663207200443
2.99596229646991,5,14,15.4860896596052,2.22974133220957
3.51761586090216,2,9,13.1107264644422,3.07495707308253
4.17953987332798,3,5,5.72526672712764,3.56667624521643
3.34136744777538,3,9,11.6627753764287,2.97051932310042
4.79751848833117,2,3,5.03644800356832,3.82486166637961
3.67674662514446,2,5,8.87443249631288,3.46865153002648
3.47472290400688,6,9,6.50735106053613,3.02849072526729
3.67391847018972,5,7,5.39459754539861,3.35386058541532
3.31816499311723,8,7,4.08650256998649,3.35617764217684
5.21530091040362,3,1,2.71741337366818,3.6443386962881
2.84967323122914,8,20,8.68055891688877,2.3977859018441
5.32045415402945,2,2,3.9397823956894,3.90373228120688
3.8343708376158,2,3,6.3420753644076,3.71202404029092
2.88344887432466,9,18,6.74063119864209,2.58383675713613
3.02727680961459,5,9,7.33326764305265,2.98083782243447
3.08433133784629,8,12,5.85172510342527,2.75535403019838
3.43001372733002,3,7,4.9545373067882,3.70738900974237
2.08645496682043,12,24,12.0615261940781,1.75896514960805
1.9953084033352,4,6,8.90876762063333,3.02696753972012
1.81308324703796,10,35,13.8582052146526,1.73205470760125
3.15127097538712,4,6,7.17320394269185,3.11306922313238
4.62716036860132,5,5,5.12559423415996,3.16532392386332
3.42795216218919,6,5,4.19351421150312,3.4068632184853
3.17747963380983,7,5,3.1953562135286,3.5767801206948
7.00360458651643,1,1,19.6468439788575,3.7922848312652
3.91510989169709,3,1,1.31284338996081,4.13831915549884
7.03754173776387,3,1,1.22819538191526,4.09453337771082
