"id","part","m","int_t","target_n","beta_m","beta_s","v_sh","v_r","setup_r_a","setup_r_b","exp_t","thr","m_p","target_n_p"
1,1,20,10,320,2,0.329,30,100,30,2.85,3,3.6,3,30
1,2,20,10,320,2,0.329,30,100,30,2.85,3,3.6,3,30
1,3,20,10,320,2,0.329,30,100,30,2.85,3,3.6,3,30
1,4,20,10,320,2,0.329,30,100,30,2.85,3,3.6,3,30
1,5,20,10,320,2,0.329,30,100,30,2.85,3,3.6,3,30
1,6,20,10,320,2,0.329,30,100,30,2.85,3,3.6,3,30
1,7,20,10,320,2,0.329,30,100,30,2.85,3,3.6,3,30
1,8,20,10,320,2,0.329,30,100,30,2.85,3,3.6,3,30
1,9,20,10,320,2,0.329,30,100,30,2.85,3,3.6,3,30
1,10,20,10,320,2,0.329,30,100,30,2.85,3,3.6,3,30
2,1,20,10,320,2,0.329,30,100,30,2.85,3,3.6,4,30
2,2,20,10,320,2,0.329,30,100,30,2.85,3,3.6,4,30
2,3,20,10,320,2,0.329,30,100,30,2.85,3,3.6,4,30
2,4,20,10,320,2,0.329,30,100,30,2.85,3,3.6,4,30
2,5,20,10,320,2,0.329,30,100,30,2.85,3,3.6,4,30
2,6,20,10,320,2,0.329,30,100,30,2.85,3,3.6,4,30
2,7,20,10,320,2,0.329,30,100,30,2.85,3,3.6,4,30
2,8,20,10,320,2,0.329,30,100,30,2.85,3,3.6,4,30
2,9,20,10,320,2,0.329,30,100,30,2.85,3,3.6,4,30
2,10,20,10,320,2,0.329,30,100,30,2.85,3,3.6,4,30
3,1,20,10,320,2,0.329,30,100,30,2.85,3,3.6,5,30
3,2,20,10,320,2,0.329,30,100,30,2.85,3,3.6,5,30
3,3,20,10,320,2,0.329,30,100,30,2.85,3,3.6,5,30
3,4,20,10,320,2,0.329,30,100,30,2.85,3,3.6,5,30
3,5,20,10,320,2,0.329,30,100,30,2.85,3,3.6,5,30
3,6,20,10,320,2,0.329,30,100,30,2.85,3,3.6,5,30
3,7,20,10,320,2,0.329,30,100,30,2.85,3,3.6,5,30
3,8,20,10,320,2,0.329,30,100,30,2.85,3,3.6,5,30
3,9,20,10,320,2,0.329,30,100,30,2.85,3,3.6,5,30
3,10,20,10,320,2,0.329,30,100,30,2.85,3,3.6,5,30
4,1,20,10,320,2,0.329,30,100,30,2.85,3,3.6,6,30
4,2,20,10,320,2,0.329,30,100,30,2.85,3,3.6,6,30
4,3,20,10,320,2,0.329,30,100,30,2.85,3,3.6,6,30
4,4,20,10,320,2,0.329,30,100,30,2.85,3,3.6,6,30
4,5,20,10,320,2,0.329,30,100,30,2.85,3,3.6,6,30
4,6,20,10,320,2,0.329,30,100,30,2.85,3,3.6,6,30
4,7,20,10,320,2,0.329,30,100,30,2.85,3,3.6,6,30
4,8,20,10,320,2,0.329,30,100,30,2.85,3,3.6,6,30
4,9,20,10,320,2,0.329,30,100,30,2.85,3,3.6,6,30
4,10,20,10,320,2,0.329,30,100,30,2.85,3,3.6,6,30
5,1,20,10,320,2,0.329,30,100,30,2.85,3,3.6,7,30
5,2,20,10,320,2,0.329,30,100,30,2.85,3,3.6,7,30
5,3,20,10,320,2,0.329,30,100,30,2.85,3,3.6,7,30
5,4,20,10,320,2,0.329,30,100,30,2.85,3,3.6,7,30
5,5,20,10,320,2,0.329,30,100,30,2.85,3,3.6,7,30
5,6,20,10,320,2,0.329,30,100,30,2.85,3,3.6,7,30
5,7,20,10,320,2,0.329,30,100,30,2.85,3,3.6,7,30
5,8,20,10,320,2,0.329,30,100,30,2.85,3,3.6,7,30
5,9,20,10,320,2,0.329,30,100,30,2.85,3,3.6,7,30
5,10,20,10,320,2,0.329,30,100,30,2.85,3,3.6,7,30
6,1,20,10,320,2,0.329,30,100,30,2.85,3,3.6,8,30
6,2,20,10,320,2,0.329,30,100,30,2.85,3,3.6,8,30
6,3,20,10,320,2,0.329,30,100,30,2.85,3,3.6,8,30
6,4,20,10,320,2,0.329,30,100,30,2.85,3,3.6,8,30
6,5,20,10,320,2,0.329,30,100,30,2.85,3,3.6,8,30
6,6,20,10,320,2,0.329,30,100,30,2.85,3,3.6,8,30
6,7,20,10,320,2,0.329,30,100,30,2.85,3,3.6,8,30
6,8,20,10,320,2,0.329,30,100,30,2.85,3,3.6,8,30
6,9,20,10,320,2,0.329,30,100,30,2.85,3,3.6,8,30
6,10,20,10,320,2,0.329,30,100,30,2.85,3,3.6,8,30
7,1,20,10,320,2,0.329,30,100,30,2.85,3,3.6,9,30
7,2,20,10,320,2,0.329,30,100,30,2.85,3,3.6,9,30
7,3,20,10,320,2,0.329,30,100,30,2.85,3,3.6,9,30
7,4,20,10,320,2,0.329,30,100,30,2.85,3,3.6,9,30
7,5,20,10,320,2,0.329,30,100,30,2.85,3,3.6,9,30
7,6,20,10,320,2,0.329,30,100,30,2.85,3,3.6,9,30
7,7,20,10,320,2,0.329,30,100,30,2.85,3,3.6,9,30
7,8,20,10,320,2,0.329,30,100,30,2.85,3,3.6,9,30
7,9,20,10,320,2,0.329,30,100,30,2.85,3,3.6,9,30
7,10,20,10,320,2,0.329,30,100,30,2.85,3,3.6,9,30
8,1,20,10,320,2,0.329,30,100,30,2.85,3,3.6,10,30
8,2,20,10,320,2,0.329,30,100,30,2.85,3,3.6,10,30
8,3,20,10,320,2,0.329,30,100,30,2.85,3,3.6,10,30
8,4,20,10,320,2,0.329,30,100,30,2.85,3,3.6,10,30
8,5,20,10,320,2,0.329,30,100,30,2.85,3,3.6,10,30
8,6,20,10,320,2,0.329,30,100,30,2.85,3,3.6,10,30
8,7,20,10,320,2,0.329,30,100,30,2.85,3,3.6,10,30
8,8,20,10,320,2,0.329,30,100,30,2.85,3,3.6,10,30
8,9,20,10,320,2,0.329,30,100,30,2.85,3,3.6,10,30
8,10,20,10,320,2,0.329,30,100,30,2.85,3,3.6,10,30
9,1,20,10,320,2,0.329,30,100,30,2.85,3,3.6,3,40
9,2,20,10,320,2,0.329,30,100,30,2.85,3,3.6,3,40
9,3,20,10,320,2,0.329,30,100,30,2.85,3,3.6,3,40
9,4,20,10,320,2,0.329,30,100,30,2.85,3,3.6,3,40
9,5,20,10,320,2,0.329,30,100,30,2.85,3,3.6,3,40
9,6,20,10,320,2,0.329,30,100,30,2.85,3,3.6,3,40
9,7,20,10,320,2,0.329,30,100,30,2.85,3,3.6,3,40
9,8,20,10,320,2,0.329,30,100,30,2.85,3,3.6,3,40
9,9,20,10,320,2,0.329,30,100,30,2.85,3,3.6,3,40
9,10,20,10,320,2,0.329,30,100,30,2.85,3,3.6,3,40
10,1,20,10,320,2,0.329,30,100,30,2.85,3,3.6,4,40
10,2,20,10,320,2,0.329,30,100,30,2.85,3,3.6,4,40
10,3,20,10,320,2,0.329,30,100,30,2.85,3,3.6,4,40
10,4,20,10,320,2,0.329,30,100,30,2.85,3,3.6,4,40
10,5,20,10,320,2,0.329,30,100,30,2.85,3,3.6,4,40
10,6,20,10,320,2,0.329,30,100,30,2.85,3,3.6,4,40
10,7,20,10,320,2,0.329,30,100,30,2.85,3,3.6,4,40
10,8,20,10,320,2,0.329,30,100,30,2.85,3,3.6,4,40
10,9,20,10,320,2,0.329,30,100,30,2.85,3,3.6,4,40
10,10,20,10,320,2,0.329,30,100,30,2.85,3,3.6,4,40
11,1,20,10,320,2,0.329,30,100,30,2.85,3,3.6,5,40
11,2,20,10,320,2,0.329,30,100,30,2.85,3,3.6,5,40
11,3,20,10,320,2,0.329,30,100,30,2.85,3,3.6,5,40
11,4,20,10,320,2,0.329,30,100,30,2.85,3,3.6,5,40
11,5,20,10,320,2,0.329,30,100,30,2.85,3,3.6,5,40
11,6,20,10,320,2,0.329,30,100,30,2.85,3,3.6,5,40
11,7,20,10,320,2,0.329,30,100,30,2.85,3,3.6,5,40
11,8,20,10,320,2,0.329,30,100,30,2.85,3,3.6,5,40
11,9,20,10,320,2,0.329,30,100,30,2.85,3,3.6,5,40
11,10,20,10,320,2,0.329,30,100,30,2.85,3,3.6,5,40
12,1,20,10,320,2,0.329,30,100,30,2.85,3,3.6,6,40
12,2,20,10,320,2,0.329,30,100,30,2.85,3,3.6,6,40
12,3,20,10,320,2,0.329,30,100,30,2.85,3,3.6,6,40
12,4,20,10,320,2,0.329,30,100,30,2.85,3,3.6,6,40
12,5,20,10,320,2,0.329,30,100,30,2.85,3,3.6,6,40
12,6,20,10,320,2,0.329,30,100,30,2.85,3,3.6,6,40
12,7,20,10,320,2,0.329,30,100,30,2.85,3,3.6,6,40
12,8,20,10,320,2,0.329,30,100,30,2.85,3,3.6,6,40
12,9,20,10,320,2,0.329,30,100,30,2.85,3,3.6,6,40
12,10,20,10,320,2,0.329,30,100,30,2.85,3,3.6,6,40
13,1,20,10,320,2,0.329,30,100,30,2.85,3,3.6,7,40
13,2,20,10,320,2,0.329,30,100,30,2.85,3,3.6,7,40
13,3,20,10,320,2,0.329,30,100,30,2.85,3,3.6,7,40
13,4,20,10,320,2,0.329,30,100,30,2.85,3,3.6,7,40
13,5,20,10,320,2,0.329,30,100,30,2.85,3,3.6,7,40
13,6,20,10,320,2,0.329,30,100,30,2.85,3,3.6,7,40
13,7,20,10,320,2,0.329,30,100,30,2.85,3,3.6,7,40
13,8,20,10,320,2,0.329,30,100,30,2.85,3,3.6,7,40
13,9,20,10,320,2,0.329,30,100,30,2.85,3,3.6,7,40
13,10,20,10,320,2,0.329,30,100,30,2.85,3,3.6,7,40
14,1,20,10,320,2,0.329,30,100,30,2.85,3,3.6,8,40
14,2,20,10,320,2,0.329,30,100,30,2.85,3,3.6,8,40
14,3,20,10,320,2,0.329,30,100,30,2.85,3,3.6,8,40
14,4,20,10,320,2,0.329,30,100,30,2.85,3,3.6,8,40
14,5,20,10,320,2,0.329,30,100,30,2.85,3,3.6,8,40
14,6,20,10,320,2,0.329,30,100,30,2.85,3,3.6,8,40
14,7,20,10,320,2,0.329,30,100,30,2.85,3,3.6,8,40
14,8,20,10,320,2,0.329,30,100,30,2.85,3,3.6,8,40
14,9,20,10,320,2,0.329,30,100,30,2.85,3,3.6,8,40
14,10,20,10,320,2,0.329,30,100,30,2.85,3,3.6,8,40
15,1,20,10,320,2,0.329,30,100,30,2.85,3,3.6,9,40
15,2,20,10,320,2,0.329,30,100,30,2.85,3,3.6,9,40
15,3,20,10,320,2,0.329,30,100,30,2.85,3,3.6,9,40
15,4,20,10,320,2,0.329,30,100,30,2.85,3,3.6,9,40
15,5,20,10,320,2,0.329,30,100,30,2.85,3,3.6,9,40
15,6,20,10,320,2,0.329,30,100,30,2.85,3,3.6,9,40
15,7,20,10,320,2,0.329,30,100,30,2.85,3,3.6,9,40
15,8,20,10,320,2,0.329,30,100,30,2.85,3,3.6,9,40
15,9,20,10,320,2,0.329,30,100,30,2.85,3,3.6,9,40
15,10,20,10,320,2,0.329,30,100,30,2.85,3,3.6,9,40
16,1,20,10,320,2,0.329,30,100,30,2.85,3,3.6,10,40
16,2,20,10,320,2,0.329,30,100,30,2.85,3,3.6,10,40
16,3,20,10,320,2,0.329,30,100,30,2.85,3,3.6,10,40
16,4,20,10,320,2,0.329,30,100,30,2.85,3,3.6,10,40
16,5,20,10,320,2,0.329,30,100,30,2.85,3,3.6,10,40
16,6,20,10,320,2,0.329,30,100,30,2.85,3,3.6,10,40
16,7,20,10,320,2,0.329,30,100,30,2.85,3,3.6,10,40
16,8,20,10,320,2,0.329,30,100,30,2.85,3,3.6,10,40
16,9,20,10,320,2,0.329,30,100,30,2.85,3,3.6,10,40
16,10,20,10,320,2,0.329,30,100,30,2.85,3,3.6,10,40
17,1,20,10,320,2,0.329,30,100,30,2.85,3,3.6,3,50
17,2,20,10,320,2,0.329,30,100,30,2.85,3,3.6,3,50
17,3,20,10,320,2,0.329,30,100,30,2.85,3,3.6,3,50
17,4,20,10,320,2,0.329,30,100,30,2.85,3,3.6,3,50
17,5,20,10,320,2,0.329,30,100,30,2.85,3,3.6,3,50
17,6,20,10,320,2,0.329,30,100,30,2.85,3,3.6,3,50
17,7,20,10,320,2,0.329,30,100,30,2.85,3,3.6,3,50
17,8,20,10,320,2,0.329,30,100,30,2.85,3,3.6,3,50
17,9,20,10,320,2,0.329,30,100,30,2.85,3,3.6,3,50
17,10,20,10,320,2,0.329,30,100,30,2.85,3,3.6,3,50
18,1,20,10,320,2,0.329,30,100,30,2.85,3,3.6,4,50
18,2,20,10,320,2,0.329,30,100,30,2.85,3,3.6,4,50
18,3,20,10,320,2,0.329,30,100,30,2.85,3,3.6,4,50
18,4,20,10,320,2,0.329,30,100,30,2.85,3,3.6,4,50
18,5,20,10,320,2,0.329,30,100,30,2.85,3,3.6,4,50
18,6,20,10,320,2,0.329,30,100,30,2.85,3,3.6,4,50
18,7,20,10,320,2,0.329,30,100,30,2.85,3,3.6,4,50
18,8,20,10,320,2,0.329,30,100,30,2.85,3,3.6,4,50
18,9,20,10,320,2,0.329,30,100,30,2.85,3,3.6,4,50
18,10,20,10,320,2,0.329,30,100,30,2.85,3,3.6,4,50
19,1,20,10,320,2,0.329,30,100,30,2.85,3,3.6,5,50
19,2,20,10,320,2,0.329,30,100,30,2.85,3,3.6,5,50
19,3,20,10,320,2,0.329,30,100,30,2.85,3,3.6,5,50
19,4,20,10,320,2,0.329,30,100,30,2.85,3,3.6,5,50
19,5,20,10,320,2,0.329,30,100,30,2.85,3,3.6,5,50
19,6,20,10,320,2,0.329,30,100,30,2.85,3,3.6,5,50
19,7,20,10,320,2,0.329,30,100,30,2.85,3,3.6,5,50
19,8,20,10,320,2,0.329,30,100,30,2.85,3,3.6,5,50
19,9,20,10,320,2,0.329,30,100,30,2.85,3,3.6,5,50
19,10,20,10,320,2,0.329,30,100,30,2.85,3,3.6,5,50
20,1,20,10,320,2,0.329,30,100,30,2.85,3,3.6,6,50
20,2,20,10,320,2,0.329,30,100,30,2.85,3,3.6,6,50
20,3,20,10,320,2,0.329,30,100,30,2.85,3,3.6,6,50
20,4,20,10,320,2,0.329,30,100,30,2.85,3,3.6,6,50
20,5,20,10,320,2,0.329,30,100,30,2.85,3,3.6,6,50
20,6,20,10,320,2,0.329,30,100,30,2.85,3,3.6,6,50
20,7,20,10,320,2,0.329,30,100,30,2.85,3,3.6,6,50
20,8,20,10,320,2,0.329,30,100,30,2.85,3,3.6,6,50
20,9,20,10,320,2,0.329,30,100,30,2.85,3,3.6,6,50
20,10,20,10,320,2,0.329,30,100,30,2.85,3,3.6,6,50
21,1,20,10,320,2,0.329,30,100,30,2.85,3,3.6,7,50
21,2,20,10,320,2,0.329,30,100,30,2.85,3,3.6,7,50
21,3,20,10,320,2,0.329,30,100,30,2.85,3,3.6,7,50
21,4,20,10,320,2,0.329,30,100,30,2.85,3,3.6,7,50
21,5,20,10,320,2,0.329,30,100,30,2.85,3,3.6,7,50
21,6,20,10,320,2,0.329,30,100,30,2.85,3,3.6,7,50
21,7,20,10,320,2,0.329,30,100,30,2.85,3,3.6,7,50
21,8,20,10,320,2,0.329,30,100,30,2.85,3,3.6,7,50
21,9,20,10,320,2,0.329,30,100,30,2.85,3,3.6,7,50
21,10,20,10,320,2,0.329,30,100,30,2.85,3,3.6,7,50
22,1,20,10,320,2,0.329,30,100,30,2.85,3,3.6,8,50
22,2,20,10,320,2,0.329,30,100,30,2.85,3,3.6,8,50
22,3,20,10,320,2,0.329,30,100,30,2.85,3,3.6,8,50
22,4,20,10,320,2,0.329,30,100,30,2.85,3,3.6,8,50
22,5,20,10,320,2,0.329,30,100,30,2.85,3,3.6,8,50
22,6,20,10,320,2,0.329,30,100,30,2.85,3,3.6,8,50
22,7,20,10,320,2,0.329,30,100,30,2.85,3,3.6,8,50
22,8,20,10,320,2,0.329,30,100,30,2.85,3,3.6,8,50
22,9,20,10,320,2,0.329,30,100,30,2.85,3,3.6,8,50
22,10,20,10,320,2,0.329,30,100,30,2.85,3,3.6,8,50
23,1,20,10,320,2,0.329,30,100,30,2.85,3,3.6,9,50
23,2,20,10,320,2,0.329,30,100,30,2.85,3,3.6,9,50
23,3,20,10,320,2,0.329,30,100,30,2.85,3,3.6,9,50
23,4,20,10,320,2,0.329,30,100,30,2.85,3,3.6,9,50
23,5,20,10,320,2,0.329,30,100,30,2.85,3,3.6,9,50
23,6,20,10,320,2,0.329,30,100,30,2.85,3,3.6,9,50
23,7,20,10,320,2,0.329,30,100,30,2.85,3,3.6,9,50
23,8,20,10,320,2,0.329,30,100,30,2.85,3,3.6,9,50
23,9,20,10,320,2,0.329,30,100,30,2.85,3,3.6,9,50
23,10,20,10,320,2,0.329,30,100,30,2.85,3,3.6,9,50
24,1,20,10,320,2,0.329,30,100,30,2.85,3,3.6,10,50
24,2,20,10,320,2,0.329,30,100,30,2.85,3,3.6,10,50
24,3,20,10,320,2,0.329,30,100,30,2.85,3,3.6,10,50
24,4,20,10,320,2,0.329,30,100,30,2.85,3,3.6,10,50
24,5,20,10,320,2,0.329,30,100,30,2.85,3,3.6,10,50
24,6,20,10,320,2,0.329,30,100,30,2.85,3,3.6,10,50
24,7,20,10,320,2,0.329,30,100,30,2.85,3,3.6,10,50
24,8,20,10,320,2,0.329,30,100,30,2.85,3,3.6,10,50
24,9,20,10,320,2,0.329,30,100,30,2.85,3,3.6,10,50
24,10,20,10,320,2,0.329,30,100,30,2.85,3,3.6,10,50
25,1,20,10,320,2,0.329,30,100,30,2.85,3,3.6,3,60
25,2,20,10,320,2,0.329,30,100,30,2.85,3,3.6,3,60
25,3,20,10,320,2,0.329,30,100,30,2.85,3,3.6,3,60
25,4,20,10,320,2,0.329,30,100,30,2.85,3,3.6,3,60
25,5,20,10,320,2,0.329,30,100,30,2.85,3,3.6,3,60
25,6,20,10,320,2,0.329,30,100,30,2.85,3,3.6,3,60
25,7,20,10,320,2,0.329,30,100,30,2.85,3,3.6,3,60
25,8,20,10,320,2,0.329,30,100,30,2.85,3,3.6,3,60
25,9,20,10,320,2,0.329,30,100,30,2.85,3,3.6,3,60
25,10,20,10,320,2,0.329,30,100,30,2.85,3,3.6,3,60
26,1,20,10,320,2,0.329,30,100,30,2.85,3,3.6,4,60
26,2,20,10,320,2,0.329,30,100,30,2.85,3,3.6,4,60
26,3,20,10,320,2,0.329,30,100,30,2.85,3,3.6,4,60
26,4,20,10,320,2,0.329,30,100,30,2.85,3,3.6,4,60
26,5,20,10,320,2,0.329,30,100,30,2.85,3,3.6,4,60
26,6,20,10,320,2,0.329,30,100,30,2.85,3,3.6,4,60
26,7,20,10,320,2,0.329,30,100,30,2.85,3,3.6,4,60
26,8,20,10,320,2,0.329,30,100,30,2.85,3,3.6,4,60
26,9,20,10,320,2,0.329,30,100,30,2.85,3,3.6,4,60
26,10,20,10,320,2,0.329,30,100,30,2.85,3,3.6,4,60
27,1,20,10,320,2,0.329,30,100,30,2.85,3,3.6,5,60
27,2,20,10,320,2,0.329,30,100,30,2.85,3,3.6,5,60
27,3,20,10,320,2,0.329,30,100,30,2.85,3,3.6,5,60
27,4,20,10,320,2,0.329,30,100,30,2.85,3,3.6,5,60
27,5,20,10,320,2,0.329,30,100,30,2.85,3,3.6,5,60
27,6,20,10,320,2,0.329,30,100,30,2.85,3,3.6,5,60
27,7,20,10,320,2,0.329,30,100,30,2.85,3,3.6,5,60
27,8,20,10,320,2,0.329,30,100,30,2.85,3,3.6,5,60
27,9,20,10,320,2,0.329,30,100,30,2.85,3,3.6,5,60
27,10,20,10,320,2,0.329,30,100,30,2.85,3,3.6,5,60
28,1,20,10,320,2,0.329,30,100,30,2.85,3,3.6,6,60
28,2,20,10,320,2,0.329,30,100,30,2.85,3,3.6,6,60
28,3,20,10,320,2,0.329,30,100,30,2.85,3,3.6,6,60
28,4,20,10,320,2,0.329,30,100,30,2.85,3,3.6,6,60
28,5,20,10,320,2,0.329,30,100,30,2.85,3,3.6,6,60
28,6,20,10,320,2,0.329,30,100,30,2.85,3,3.6,6,60
28,7,20,10,320,2,0.329,30,100,30,2.85,3,3.6,6,60
28,8,20,10,320,2,0.329,30,100,30,2.85,3,3.6,6,60
28,9,20,10,320,2,0.329,30,100,30,2.85,3,3.6,6,60
28,10,20,10,320,2,0.329,30,100,30,2.85,3,3.6,6,60
29,1,20,10,320,2,0.329,30,100,30,2.85,3,3.6,7,60
29,2,20,10,320,2,0.329,30,100,30,2.85,3,3.6,7,60
29,3,20,10,320,2,0.329,30,100,30,2.85,3,3.6,7,60
29,4,20,10,320,2,0.329,30,100,30,2.85,3,3.6,7,60
29,5,20,10,320,2,0.329,30,100,30,2.85,3,3.6,7,60
29,6,20,10,320,2,0.329,30,100,30,2.85,3,3.6,7,60
29,7,20,10,320,2,0.329,30,100,30,2.85,3,3.6,7,60
29,8,20,10,320,2,0.329,30,100,30,2.85,3,3.6,7,60
29,9,20,10,320,2,0.329,30,100,30,2.85,3,3.6,7,60
29,10,20,10,320,2,0.329,30,100,30,2.85,3,3.6,7,60
30,1,20,10,320,2,0.329,30,100,30,2.85,3,3.6,8,60
30,2,20,10,320,2,0.329,30,100,30,2.85,3,3.6,8,60
30,3,20,10,320,2,0.329,30,100,30,2.85,3,3.6,8,60
30,4,20,10,320,2,0.329,30,100,30,2.85,3,3.6,8,60
30,5,20,10,320,2,0.329,30,100,30,2.85,3,3.6,8,60
30,6,20,10,320,2,0.329,30,100,30,2.85,3,3.6,8,60
30,7,20,10,320,2,0.329,30,100,30,2.85,3,3.6,8,60
30,8,20,10,320,2,0.329,30,100,30,2.85,3,3.6,8,60
30,9,20,10,320,2,0.329,30,100,30,2.85,3,3.6,8,60
30,10,20,10,320,2,0.329,30,100,30,2.85,3,3.6,8,60
31,1,20,10,320,2,0.329,30,100,30,2.85,3,3.6,9,60
31,2,20,10,320,2,0.329,30,100,30,2.85,3,3.6,9,60
31,3,20,10,320,2,0.329,30,100,30,2.85,3,3.6,9,60
31,4,20,10,320,2,0.329,30,100,30,2.85,3,3.6,9,60
31,5,20,10,320,2,0.329,30,100,30,2.85,3,3.6,9,60
31,6,20,10,320,2,0.329,30,100,30,2.85,3,3.6,9,60
31,7,20,10,320,2,0.329,30,100,30,2.85,3,3.6,9,60
31,8,20,10,320,2,0.329,30,100,30,2.85,3,3.6,9,60
31,9,20,10,320,2,0.329,30,100,30,2.85,3,3.6,9,60
31,10,20,10,320,2,0.329,30,100,30,2.85,3,3.6,9,60
32,1,20,10,320,2,0.329,30,100,30,2.85,3,3.6,10,60
32,2,20,10,320,2,0.329,30,100,30,2.85,3,3.6,10,60
32,3,20,10,320,2,0.329,30,100,30,2.85,3,3.6,10,60
32,4,20,10,320,2,0.329,30,100,30,2.85,3,3.6,10,60
32,5,20,10,320,2,0.329,30,100,30,2.85,3,3.6,10,60
32,6,20,10,320,2,0.329,30,100,30,2.85,3,3.6,10,60
32,7,20,10,320,2,0.329,30,100,30,2.85,3,3.6,10,60
32,8,20,10,320,2,0.329,30,100,30,2.85,3,3.6,10,60
32,9,20,10,320,2,0.329,30,100,30,2.85,3,3.6,10,60
32,10,20,10,320,2,0.329,30,100,30,2.85,3,3.6,10,60
33,1,20,10,320,2,0.329,30,100,30,2.85,3,3.6,3,70
33,2,20,10,320,2,0.329,30,100,30,2.85,3,3.6,3,70
33,3,20,10,320,2,0.329,30,100,30,2.85,3,3.6,3,70
33,4,20,10,320,2,0.329,30,100,30,2.85,3,3.6,3,70
33,5,20,10,320,2,0.329,30,100,30,2.85,3,3.6,3,70
33,6,20,10,320,2,0.329,30,100,30,2.85,3,3.6,3,70
33,7,20,10,320,2,0.329,30,100,30,2.85,3,3.6,3,70
33,8,20,10,320,2,0.329,30,100,30,2.85,3,3.6,3,70
33,9,20,10,320,2,0.329,30,100,30,2.85,3,3.6,3,70
33,10,20,10,320,2,0.329,30,100,30,2.85,3,3.6,3,70
34,1,20,10,320,2,0.329,30,100,30,2.85,3,3.6,4,70
34,2,20,10,320,2,0.329,30,100,30,2.85,3,3.6,4,70
34,3,20,10,320,2,0.329,30,100,30,2.85,3,3.6,4,70
34,4,20,10,320,2,0.329,30,100,30,2.85,3,3.6,4,70
34,5,20,10,320,2,0.329,30,100,30,2.85,3,3.6,4,70
34,6,20,10,320,2,0.329,30,100,30,2.85,3,3.6,4,70
34,7,20,10,320,2,0.329,30,100,30,2.85,3,3.6,4,70
34,8,20,10,320,2,0.329,30,100,30,2.85,3,3.6,4,70
34,9,20,10,320,2,0.329,30,100,30,2.85,3,3.6,4,70
34,10,20,10,320,2,0.329,30,100,30,2.85,3,3.6,4,70
35,1,20,10,320,2,0.329,30,100,30,2.85,3,3.6,5,70
35,2,20,10,320,2,0.329,30,100,30,2.85,3,3.6,5,70
35,3,20,10,320,2,0.329,30,100,30,2.85,3,3.6,5,70
35,4,20,10,320,2,0.329,30,100,30,2.85,3,3.6,5,70
35,5,20,10,320,2,0.329,30,100,30,2.85,3,3.6,5,70
35,6,20,10,320,2,0.329,30,100,30,2.85,3,3.6,5,70
35,7,20,10,320,2,0.329,30,100,30,2.85,3,3.6,5,70
35,8,20,10,320,2,0.329,30,100,30,2.85,3,3.6,5,70
35,9,20,10,320,2,0.329,30,100,30,2.85,3,3.6,5,70
35,10,20,10,320,2,0.329,30,100,30,2.85,3,3.6,5,70
36,1,20,10,320,2,0.329,30,100,30,2.85,3,3.6,6,70
36,2,20,10,320,2,0.329,30,100,30,2.85,3,3.6,6,70
36,3,20,10,320,2,0.329,30,100,30,2.85,3,3.6,6,70
36,4,20,10,320,2,0.329,30,100,30,2.85,3,3.6,6,70
36,5,20,10,320,2,0.329,30,100,30,2.85,3,3.6,6,70
36,6,20,10,320,2,0.329,30,100,30,2.85,3,3.6,6,70
36,7,20,10,320,2,0.329,30,100,30,2.85,3,3.6,6,70
36,8,20,10,320,2,0.329,30,100,30,2.85,3,3.6,6,70
36,9,20,10,320,2,0.329,30,100,30,2.85,3,3.6,6,70
36,10,20,10,320,2,0.329,30,100,30,2.85,3,3.6,6,70
37,1,20,10,320,2,0.329,30,100,30,2.85,3,3.6,7,70
37,2,20,10,320,2,0.329,30,100,30,2.85,3,3.6,7,70
37,3,20,10,320,2,0.329,30,100,30,2.85,3,3.6,7,70
37,4,20,10,320,2,0.329,30,100,30,2.85,3,3.6,7,70
37,5,20,10,320,2,0.329,30,100,30,2.85,3,3.6,7,70
37,6,20,10,320,2,0.329,30,100,30,2.85,3,3.6,7,70
37,7,20,10,320,2,0.329,30,100,30,2.85,3,3.6,7,70
37,8,20,10,320,2,0.329,30,100,30,2.85,3,3.6,7,70
37,9,20,10,320,2,0.329,30,100,30,2.85,3,3.6,7,70
37,10,20,10,320,2,0.329,30,100,30,2.85,3,3.6,7,70
38,1,20,10,320,2,0.329,30,100,30,2.85,3,3.6,8,70
38,2,20,10,320,2,0.329,30,100,30,2.85,3,3.6,8,70
38,3,20,10,320,2,0.329,30,100,30,2.85,3,3.6,8,70
38,4,20,10,320,2,0.329,30,100,30,2.85,3,3.6,8,70
38,5,20,10,320,2,0.329,30,100,30,2.85,3,3.6,8,70
38,6,20,10,320,2,0.329,30,100,30,2.85,3,3.6,8,70
38,7,20,10,320,2,0.329,30,100,30,2.85,3,3.6,8,70
38,8,20,10,320,2,0.329,30,100,30,2.85,3,3.6,8,70
38,9,20,10,320,2,0.329,30,100,30,2.85,3,3.6,8,70
38,10,20,10,320,2,0.329,30,100,30,2.85,3,3.6,8,70
39,1,20,10,320,2,0.329,30,100,30,2.85,3,3.6,9,70
39,2,20,10,320,2,0.329,30,100,30,2.85,3,3.6,9,70
39,3,20,10,320,2,0.329,30,100,30,2.85,3,3.6,9,70
39,4,20,10,320,2,0.329,30,100,30,2.85,3,3.6,9,70
39,5,20,10,320,2,0.329,30,100,30,2.85,3,3.6,9,70
39,6,20,10,320,2,0.329,30,100,30,2.85,3,3.6,9,70
39,7,20,10,320,2,0.329,30,100,30,2.85,3,3.6,9,70
39,8,20,10,320,2,0.329,30,100,30,2.85,3,3.6,9,70
39,9,20,10,320,2,0.329,30,100,30,2.85,3,3.6,9,70
39,10,20,10,320,2,0.329,30,100,30,2.85,3,3.6,9,70
40,1,20,10,320,2,0.329,30,100,30,2.85,3,3.6,10,70
40,2,20,10,320,2,0.329,30,100,30,2.85,3,3.6,10,70
40,3,20,10,320,2,0.329,30,100,30,2.85,3,3.6,10,70
40,4,20,10,320,2,0.329,30,100,30,2.85,3,3.6,10,70
40,5,20,10,320,2,0.329,30,100,30,2.85,3,3.6,10,70
40,6,20,10,320,2,0.329,30,100,30,2.85,3,3.6,10,70
40,7,20,10,320,2,0.329,30,100,30,2.85,3,3.6,10,70
40,8,20,10,320,2,0.329,30,100,30,2.85,3,3.6,10,70
40,9,20,10,320,2,0.329,30,100,30,2.85,3,3.6,10,70
40,10,20,10,320,2,0.329,30,100,30,2.85,3,3.6,10,70
41,1,20,10,320,2,0.329,30,100,30,2.85,3,3.6,3,80
41,2,20,10,320,2,0.329,30,100,30,2.85,3,3.6,3,80
41,3,20,10,320,2,0.329,30,100,30,2.85,3,3.6,3,80
41,4,20,10,320,2,0.329,30,100,30,2.85,3,3.6,3,80
41,5,20,10,320,2,0.329,30,100,30,2.85,3,3.6,3,80
41,6,20,10,320,2,0.329,30,100,30,2.85,3,3.6,3,80
41,7,20,10,320,2,0.329,30,100,30,2.85,3,3.6,3,80
41,8,20,10,320,2,0.329,30,100,30,2.85,3,3.6,3,80
41,9,20,10,320,2,0.329,30,100,30,2.85,3,3.6,3,80
41,10,20,10,320,2,0.329,30,100,30,2.85,3,3.6,3,80
42,1,20,10,320,2,0.329,30,100,30,2.85,3,3.6,4,80
42,2,20,10,320,2,0.329,30,100,30,2.85,3,3.6,4,80
42,3,20,10,320,2,0.329,30,100,30,2.85,3,3.6,4,80
42,4,20,10,320,2,0.329,30,100,30,2.85,3,3.6,4,80
42,5,20,10,320,2,0.329,30,100,30,2.85,3,3.6,4,80
42,6,20,10,320,2,0.329,30,100,30,2.85,3,3.6,4,80
42,7,20,10,320,2,0.329,30,100,30,2.85,3,3.6,4,80
42,8,20,10,320,2,0.329,30,100,30,2.85,3,3.6,4,80
42,9,20,10,320,2,0.329,30,100,30,2.85,3,3.6,4,80
42,10,20,10,320,2,0.329,30,100,30,2.85,3,3.6,4,80
43,1,20,10,320,2,0.329,30,100,30,2.85,3,3.6,5,80
43,2,20,10,320,2,0.329,30,100,30,2.85,3,3.6,5,80
43,3,20,10,320,2,0.329,30,100,30,2.85,3,3.6,5,80
43,4,20,10,320,2,0.329,30,100,30,2.85,3,3.6,5,80
43,5,20,10,320,2,0.329,30,100,30,2.85,3,3.6,5,80
43,6,20,10,320,2,0.329,30,100,30,2.85,3,3.6,5,80
43,7,20,10,320,2,0.329,30,100,30,2.85,3,3.6,5,80
43,8,20,10,320,2,0.329,30,100,30,2.85,3,3.6,5,80
43,9,20,10,320,2,0.329,30,100,30,2.85,3,3.6,5,80
43,10,20,10,320,2,0.329,30,100,30,2.85,3,3.6,5,80
44,1,20,10,320,2,0.329,30,100,30,2.85,3,3.6,6,80
44,2,20,10,320,2,0.329,30,100,30,2.85,3,3.6,6,80
44,3,20,10,320,2,0.329,30,100,30,2.85,3,3.6,6,80
44,4,20,10,320,2,0.329,30,100,30,2.85,3,3.6,6,80
44,5,20,10,320,2,0.329,30,100,30,2.85,3,3.6,6,80
44,6,20,10,320,2,0.329,30,100,30,2.85,3,3.6,6,80
44,7,20,10,320,2,0.329,30,100,30,2.85,3,3.6,6,80
44,8,20,10,320,2,0.329,30,100,30,2.85,3,3.6,6,80
44,9,20,10,320,2,0.329,30,100,30,2.85,3,3.6,6,80
44,10,20,10,320,2,0.329,30,100,30,2.85,3,3.6,6,80
45,1,20,10,320,2,0.329,30,100,30,2.85,3,3.6,7,80
45,2,20,10,320,2,0.329,30,100,30,2.85,3,3.6,7,80
45,3,20,10,320,2,0.329,30,100,30,2.85,3,3.6,7,80
45,4,20,10,320,2,0.329,30,100,30,2.85,3,3.6,7,80
45,5,20,10,320,2,0.329,30,100,30,2.85,3,3.6,7,80
45,6,20,10,320,2,0.329,30,100,30,2.85,3,3.6,7,80
45,7,20,10,320,2,0.329,30,100,30,2.85,3,3.6,7,80
45,8,20,10,320,2,0.329,30,100,30,2.85,3,3.6,7,80
45,9,20,10,320,2,0.329,30,100,30,2.85,3,3.6,7,80
45,10,20,10,320,2,0.329,30,100,30,2.85,3,3.6,7,80
46,1,20,10,320,2,0.329,30,100,30,2.85,3,3.6,8,80
46,2,20,10,320,2,0.329,30,100,30,2.85,3,3.6,8,80
46,3,20,10,320,2,0.329,30,100,30,2.85,3,3.6,8,80
46,4,20,10,320,2,0.329,30,100,30,2.85,3,3.6,8,80
46,5,20,10,320,2,0.329,30,100,30,2.85,3,3.6,8,80
46,6,20,10,320,2,0.329,30,100,30,2.85,3,3.6,8,80
46,7,20,10,320,2,0.329,30,100,30,2.85,3,3.6,8,80
46,8,20,10,320,2,0.329,30,100,30,2.85,3,3.6,8,80
46,9,20,10,320,2,0.329,30,100,30,2.85,3,3.6,8,80
46,10,20,10,320,2,0.329,30,100,30,2.85,3,3.6,8,80
47,1,20,10,320,2,0.329,30,100,30,2.85,3,3.6,9,80
47,2,20,10,320,2,0.329,30,100,30,2.85,3,3.6,9,80
47,3,20,10,320,2,0.329,30,100,30,2.85,3,3.6,9,80
47,4,20,10,320,2,0.329,30,100,30,2.85,3,3.6,9,80
47,5,20,10,320,2,0.329,30,100,30,2.85,3,3.6,9,80
47,6,20,10,320,2,0.329,30,100,30,2.85,3,3.6,9,80
47,7,20,10,320,2,0.329,30,100,30,2.85,3,3.6,9,80
47,8,20,10,320,2,0.329,30,100,30,2.85,3,3.6,9,80
47,9,20,10,320,2,0.329,30,100,30,2.85,3,3.6,9,80
47,10,20,10,320,2,0.329,30,100,30,2.85,3,3.6,9,80
48,1,20,10,320,2,0.329,30,100,30,2.85,3,3.6,10,80
48,2,20,10,320,2,0.329,30,100,30,2.85,3,3.6,10,80
48,3,20,10,320,2,0.329,30,100,30,2.85,3,3.6,10,80
48,4,20,10,320,2,0.329,30,100,30,2.85,3,3.6,10,80
48,5,20,10,320,2,0.329,30,100,30,2.85,3,3.6,10,80
48,6,20,10,320,2,0.329,30,100,30,2.85,3,3.6,10,80
48,7,20,10,320,2,0.329,30,100,30,2.85,3,3.6,10,80
48,8,20,10,320,2,0.329,30,100,30,2.85,3,3.6,10,80
48,9,20,10,320,2,0.329,30,100,30,2.85,3,3.6,10,80
48,10,20,10,320,2,0.329,30,100,30,2.85,3,3.6,10,80
49,1,20,10,320,2,0.329,30,100,30,2.85,3,3.6,3,90
49,2,20,10,320,2,0.329,30,100,30,2.85,3,3.6,3,90
49,3,20,10,320,2,0.329,30,100,30,2.85,3,3.6,3,90
49,4,20,10,320,2,0.329,30,100,30,2.85,3,3.6,3,90
49,5,20,10,320,2,0.329,30,100,30,2.85,3,3.6,3,90
49,6,20,10,320,2,0.329,30,100,30,2.85,3,3.6,3,90
49,7,20,10,320,2,0.329,30,100,30,2.85,3,3.6,3,90
49,8,20,10,320,2,0.329,30,100,30,2.85,3,3.6,3,90
49,9,20,10,320,2,0.329,30,100,30,2.85,3,3.6,3,90
49,10,20,10,320,2,0.329,30,100,30,2.85,3,3.6,3,90
50,1,20,10,320,2,0.329,30,100,30,2.85,3,3.6,4,90
50,2,20,10,320,2,0.329,30,100,30,2.85,3,3.6,4,90
50,3,20,10,320,2,0.329,30,100,30,2.85,3,3.6,4,90
50,4,20,10,320,2,0.329,30,100,30,2.85,3,3.6,4,90
50,5,20,10,320,2,0.329,30,100,30,2.85,3,3.6,4,90
50,6,20,10,320,2,0.329,30,100,30,2.85,3,3.6,4,90
50,7,20,10,320,2,0.329,30,100,30,2.85,3,3.6,4,90
50,8,20,10,320,2,0.329,30,100,30,2.85,3,3.6,4,90
50,9,20,10,320,2,0.329,30,100,30,2.85,3,3.6,4,90
50,10,20,10,320,2,0.329,30,100,30,2.85,3,3.6,4,90
51,1,20,10,320,2,0.329,30,100,30,2.85,3,3.6,5,90
51,2,20,10,320,2,0.329,30,100,30,2.85,3,3.6,5,90
51,3,20,10,320,2,0.329,30,100,30,2.85,3,3.6,5,90
51,4,20,10,320,2,0.329,30,100,30,2.85,3,3.6,5,90
51,5,20,10,320,2,0.329,30,100,30,2.85,3,3.6,5,90
51,6,20,10,320,2,0.329,30,100,30,2.85,3,3.6,5,90
51,7,20,10,320,2,0.329,30,100,30,2.85,3,3.6,5,90
51,8,20,10,320,2,0.329,30,100,30,2.85,3,3.6,5,90
51,9,20,10,320,2,0.329,30,100,30,2.85,3,3.6,5,90
51,10,20,10,320,2,0.329,30,100,30,2.85,3,3.6,5,90
52,1,20,10,320,2,0.329,30,100,30,2.85,3,3.6,6,90
52,2,20,10,320,2,0.329,30,100,30,2.85,3,3.6,6,90
52,3,20,10,320,2,0.329,30,100,30,2.85,3,3.6,6,90
52,4,20,10,320,2,0.329,30,100,30,2.85,3,3.6,6,90
52,5,20,10,320,2,0.329,30,100,30,2.85,3,3.6,6,90
52,6,20,10,320,2,0.329,30,100,30,2.85,3,3.6,6,90
52,7,20,10,320,2,0.329,30,100,30,2.85,3,3.6,6,90
52,8,20,10,320,2,0.329,30,100,30,2.85,3,3.6,6,90
52,9,20,10,320,2,0.329,30,100,30,2.85,3,3.6,6,90
52,10,20,10,320,2,0.329,30,100,30,2.85,3,3.6,6,90
53,1,20,10,320,2,0.329,30,100,30,2.85,3,3.6,7,90
53,2,20,10,320,2,0.329,30,100,30,2.85,3,3.6,7,90
53,3,20,10,320,2,0.329,30,100,30,2.85,3,3.6,7,90
53,4,20,10,320,2,0.329,30,100,30,2.85,3,3.6,7,90
53,5,20,10,320,2,0.329,30,100,30,2.85,3,3.6,7,90
53,6,20,10,320,2,0.329,30,100,30,2.85,3,3.6,7,90
53,7,20,10,320,2,0.329,30,100,30,2.85,3,3.6,7,90
53,8,20,10,320,2,0.329,30,100,30,2.85,3,3.6,7,90
53,9,20,10,320,2,0.329,30,100,30,2.85,3,3.6,7,90
53,10,20,10,320,2,0.329,30,100,30,2.85,3,3.6,7,90
54,1,20,10,320,2,0.329,30,100,30,2.85,3,3.6,8,90
54,2,20,10,320,2,0.329,30,100,30,2.85,3,3.6,8,90
54,3,20,10,320,2,0.329,30,100,30,2.85,3,3.6,8,90
54,4,20,10,320,2,0.329,30,100,30,2.85,3,3.6,8,90
54,5,20,10,320,2,0.329,30,100,30,2.85,3,3.6,8,90
54,6,20,10,320,2,0.329,30,100,30,2.85,3,3.6,8,90
54,7,20,10,320,2,0.329,30,100,30,2.85,3,3.6,8,90
54,8,20,10,320,2,0.329,30,100,30,2.85,3,3.6,8,90
54,9,20,10,320,2,0.329,30,100,30,2.85,3,3.6,8,90
54,10,20,10,320,2,0.329,30,100,30,2.85,3,3.6,8,90
55,1,20,10,320,2,0.329,30,100,30,2.85,3,3.6,9,90
55,2,20,10,320,2,0.329,30,100,30,2.85,3,3.6,9,90
55,3,20,10,320,2,0.329,30,100,30,2.85,3,3.6,9,90
55,4,20,10,320,2,0.329,30,100,30,2.85,3,3.6,9,90
55,5,20,10,320,2,0.329,30,100,30,2.85,3,3.6,9,90
55,6,20,10,320,2,0.329,30,100,30,2.85,3,3.6,9,90
55,7,20,10,320,2,0.329,30,100,30,2.85,3,3.6,9,90
55,8,20,10,320,2,0.329,30,100,30,2.85,3,3.6,9,90
55,9,20,10,320,2,0.329,30,100,30,2.85,3,3.6,9,90
55,10,20,10,320,2,0.329,30,100,30,2.85,3,3.6,9,90
56,1,20,10,320,2,0.329,30,100,30,2.85,3,3.6,10,90
56,2,20,10,320,2,0.329,30,100,30,2.85,3,3.6,10,90
56,3,20,10,320,2,0.329,30,100,30,2.85,3,3.6,10,90
56,4,20,10,320,2,0.329,30,100,30,2.85,3,3.6,10,90
56,5,20,10,320,2,0.329,30,100,30,2.85,3,3.6,10,90
56,6,20,10,320,2,0.329,30,100,30,2.85,3,3.6,10,90
56,7,20,10,320,2,0.329,30,100,30,2.85,3,3.6,10,90
56,8,20,10,320,2,0.329,30,100,30,2.85,3,3.6,10,90
56,9,20,10,320,2,0.329,30,100,30,2.85,3,3.6,10,90
56,10,20,10,320,2,0.329,30,100,30,2.85,3,3.6,10,90
57,1,20,10,320,2,0.329,30,100,30,2.85,3,3.6,3,100
57,2,20,10,320,2,0.329,30,100,30,2.85,3,3.6,3,100
57,3,20,10,320,2,0.329,30,100,30,2.85,3,3.6,3,100
57,4,20,10,320,2,0.329,30,100,30,2.85,3,3.6,3,100
57,5,20,10,320,2,0.329,30,100,30,2.85,3,3.6,3,100
57,6,20,10,320,2,0.329,30,100,30,2.85,3,3.6,3,100
57,7,20,10,320,2,0.329,30,100,30,2.85,3,3.6,3,100
57,8,20,10,320,2,0.329,30,100,30,2.85,3,3.6,3,100
57,9,20,10,320,2,0.329,30,100,30,2.85,3,3.6,3,100
57,10,20,10,320,2,0.329,30,100,30,2.85,3,3.6,3,100
58,1,20,10,320,2,0.329,30,100,30,2.85,3,3.6,4,100
58,2,20,10,320,2,0.329,30,100,30,2.85,3,3.6,4,100
58,3,20,10,320,2,0.329,30,100,30,2.85,3,3.6,4,100
58,4,20,10,320,2,0.329,30,100,30,2.85,3,3.6,4,100
58,5,20,10,320,2,0.329,30,100,30,2.85,3,3.6,4,100
58,6,20,10,320,2,0.329,30,100,30,2.85,3,3.6,4,100
58,7,20,10,320,2,0.329,30,100,30,2.85,3,3.6,4,100
58,8,20,10,320,2,0.329,30,100,30,2.85,3,3.6,4,100
58,9,20,10,320,2,0.329,30,100,30,2.85,3,3.6,4,100
58,10,20,10,320,2,0.329,30,100,30,2.85,3,3.6,4,100
59,1,20,10,320,2,0.329,30,100,30,2.85,3,3.6,5,100
59,2,20,10,320,2,0.329,30,100,30,2.85,3,3.6,5,100
59,3,20,10,320,2,0.329,30,100,30,2.85,3,3.6,5,100
59,4,20,10,320,2,0.329,30,100,30,2.85,3,3.6,5,100
59,5,20,10,320,2,0.329,30,100,30,2.85,3,3.6,5,100
59,6,20,10,320,2,0.329,30,100,30,2.85,3,3.6,5,100
59,7,20,10,320,2,0.329,30,100,30,2.85,3,3.6,5,100
59,8,20,10,320,2,0.329,30,100,30,2.85,3,3.6,5,100
59,9,20,10,320,2,0.329,30,100,30,2.85,3,3.6,5,100
59,10,20,10,320,2,0.329,30,100,30,2.85,3,3.6,5,100
60,1,20,10,320,2,0.329,30,100,30,2.85,3,3.6,6,100
60,2,20,10,320,2,0.329,30,100,30,2.85,3,3.6,6,100
60,3,20,10,320,2,0.329,30,100,30,2.85,3,3.6,6,100
60,4,20,10,320,2,0.329,30,100,30,2.85,3,3.6,6,100
60,5,20,10,320,2,0.329,30,100,30,2.85,3,3.6,6,100
60,6,20,10,320,2,0.329,30,100,30,2.85,3,3.6,6,100
60,7,20,10,320,2,0.329,30,100,30,2.85,3,3.6,6,100
60,8,20,10,320,2,0.329,30,100,30,2.85,3,3.6,6,100
60,9,20,10,320,2,0.329,30,100,30,2.85,3,3.6,6,100
60,10,20,10,320,2,0.329,30,100,30,2.85,3,3.6,6,100
61,1,20,10,320,2,0.329,30,100,30,2.85,3,3.6,7,100
61,2,20,10,320,2,0.329,30,100,30,2.85,3,3.6,7,100
61,3,20,10,320,2,0.329,30,100,30,2.85,3,3.6,7,100
61,4,20,10,320,2,0.329,30,100,30,2.85,3,3.6,7,100
61,5,20,10,320,2,0.329,30,100,30,2.85,3,3.6,7,100
61,6,20,10,320,2,0.329,30,100,30,2.85,3,3.6,7,100
61,7,20,10,320,2,0.329,30,100,30,2.85,3,3.6,7,100
61,8,20,10,320,2,0.329,30,100,30,2.85,3,3.6,7,100
61,9,20,10,320,2,0.329,30,100,30,2.85,3,3.6,7,100
61,10,20,10,320,2,0.329,30,100,30,2.85,3,3.6,7,100
62,1,20,10,320,2,0.329,30,100,30,2.85,3,3.6,8,100
62,2,20,10,320,2,0.329,30,100,30,2.85,3,3.6,8,100
62,3,20,10,320,2,0.329,30,100,30,2.85,3,3.6,8,100
62,4,20,10,320,2,0.329,30,100,30,2.85,3,3.6,8,100
62,5,20,10,320,2,0.329,30,100,30,2.85,3,3.6,8,100
62,6,20,10,320,2,0.329,30,100,30,2.85,3,3.6,8,100
62,7,20,10,320,2,0.329,30,100,30,2.85,3,3.6,8,100
62,8,20,10,320,2,0.329,30,100,30,2.85,3,3.6,8,100
62,9,20,10,320,2,0.329,30,100,30,2.85,3,3.6,8,100
62,10,20,10,320,2,0.329,30,100,30,2.85,3,3.6,8,100
63,1,20,10,320,2,0.329,30,100,30,2.85,3,3.6,9,100
63,2,20,10,320,2,0.329,30,100,30,2.85,3,3.6,9,100
63,3,20,10,320,2,0.329,30,100,30,2.85,3,3.6,9,100
63,4,20,10,320,2,0.329,30,100,30,2.85,3,3.6,9,100
63,5,20,10,320,2,0.329,30,100,30,2.85,3,3.6,9,100
63,6,20,10,320,2,0.329,30,100,30,2.85,3,3.6,9,100
63,7,20,10,320,2,0.329,30,100,30,2.85,3,3.6,9,100
63,8,20,10,320,2,0.329,30,100,30,2.85,3,3.6,9,100
63,9,20,10,320,2,0.329,30,100,30,2.85,3,3.6,9,100
63,10,20,10,320,2,0.329,30,100,30,2.85,3,3.6,9,100
64,1,20,10,320,2,0.329,30,100,30,2.85,3,3.6,10,100
64,2,20,10,320,2,0.329,30,100,30,2.85,3,3.6,10,100
64,3,20,10,320,2,0.329,30,100,30,2.85,3,3.6,10,100
64,4,20,10,320,2,0.329,30,100,30,2.85,3,3.6,10,100
64,5,20,10,320,2,0.329,30,100,30,2.85,3,3.6,10,100
64,6,20,10,320,2,0.329,30,100,30,2.85,3,3.6,10,100
64,7,20,10,320,2,0.329,30,100,30,2.85,3,3.6,10,100
64,8,20,10,320,2,0.329,30,100,30,2.85,3,3.6,10,100
64,9,20,10,320,2,0.329,30,100,30,2.85,3,3.6,10,100
64,10,20,10,320,2,0.329,30,100,30,2.85,3,3.6,10,100
65,1,20,10,320,2,0.329,30,100,30,2.85,3,3.6,3,110
65,2,20,10,320,2,0.329,30,100,30,2.85,3,3.6,3,110
65,3,20,10,320,2,0.329,30,100,30,2.85,3,3.6,3,110
65,4,20,10,320,2,0.329,30,100,30,2.85,3,3.6,3,110
65,5,20,10,320,2,0.329,30,100,30,2.85,3,3.6,3,110
65,6,20,10,320,2,0.329,30,100,30,2.85,3,3.6,3,110
65,7,20,10,320,2,0.329,30,100,30,2.85,3,3.6,3,110
65,8,20,10,320,2,0.329,30,100,30,2.85,3,3.6,3,110
65,9,20,10,320,2,0.329,30,100,30,2.85,3,3.6,3,110
65,10,20,10,320,2,0.329,30,100,30,2.85,3,3.6,3,110
66,1,20,10,320,2,0.329,30,100,30,2.85,3,3.6,4,110
66,2,20,10,320,2,0.329,30,100,30,2.85,3,3.6,4,110
66,3,20,10,320,2,0.329,30,100,30,2.85,3,3.6,4,110
66,4,20,10,320,2,0.329,30,100,30,2.85,3,3.6,4,110
66,5,20,10,320,2,0.329,30,100,30,2.85,3,3.6,4,110
66,6,20,10,320,2,0.329,30,100,30,2.85,3,3.6,4,110
66,7,20,10,320,2,0.329,30,100,30,2.85,3,3.6,4,110
66,8,20,10,320,2,0.329,30,100,30,2.85,3,3.6,4,110
66,9,20,10,320,2,0.329,30,100,30,2.85,3,3.6,4,110
66,10,20,10,320,2,0.329,30,100,30,2.85,3,3.6,4,110
67,1,20,10,320,2,0.329,30,100,30,2.85,3,3.6,5,110
67,2,20,10,320,2,0.329,30,100,30,2.85,3,3.6,5,110
67,3,20,10,320,2,0.329,30,100,30,2.85,3,3.6,5,110
67,4,20,10,320,2,0.329,30,100,30,2.85,3,3.6,5,110
67,5,20,10,320,2,0.329,30,100,30,2.85,3,3.6,5,110
67,6,20,10,320,2,0.329,30,100,30,2.85,3,3.6,5,110
67,7,20,10,320,2,0.329,30,100,30,2.85,3,3.6,5,110
67,8,20,10,320,2,0.329,30,100,30,2.85,3,3.6,5,110
67,9,20,10,320,2,0.329,30,100,30,2.85,3,3.6,5,110
67,10,20,10,320,2,0.329,30,100,30,2.85,3,3.6,5,110
68,1,20,10,320,2,0.329,30,100,30,2.85,3,3.6,6,110
68,2,20,10,320,2,0.329,30,100,30,2.85,3,3.6,6,110
68,3,20,10,320,2,0.329,30,100,30,2.85,3,3.6,6,110
68,4,20,10,320,2,0.329,30,100,30,2.85,3,3.6,6,110
68,5,20,10,320,2,0.329,30,100,30,2.85,3,3.6,6,110
68,6,20,10,320,2,0.329,30,100,30,2.85,3,3.6,6,110
68,7,20,10,320,2,0.329,30,100,30,2.85,3,3.6,6,110
68,8,20,10,320,2,0.329,30,100,30,2.85,3,3.6,6,110
68,9,20,10,320,2,0.329,30,100,30,2.85,3,3.6,6,110
68,10,20,10,320,2,0.329,30,100,30,2.85,3,3.6,6,110
69,1,20,10,320,2,0.329,30,100,30,2.85,3,3.6,7,110
69,2,20,10,320,2,0.329,30,100,30,2.85,3,3.6,7,110
69,3,20,10,320,2,0.329,30,100,30,2.85,3,3.6,7,110
69,4,20,10,320,2,0.329,30,100,30,2.85,3,3.6,7,110
69,5,20,10,320,2,0.329,30,100,30,2.85,3,3.6,7,110
69,6,20,10,320,2,0.329,30,100,30,2.85,3,3.6,7,110
69,7,20,10,320,2,0.329,30,100,30,2.85,3,3.6,7,110
69,8,20,10,320,2,0.329,30,100,30,2.85,3,3.6,7,110
69,9,20,10,320,2,0.329,30,100,30,2.85,3,3.6,7,110
69,10,20,10,320,2,0.329,30,100,30,2.85,3,3.6,7,110
70,1,20,10,320,2,0.329,30,100,30,2.85,3,3.6,8,110
70,2,20,10,320,2,0.329,30,100,30,2.85,3,3.6,8,110
70,3,20,10,320,2,0.329,30,100,30,2.85,3,3.6,8,110
70,4,20,10,320,2,0.329,30,100,30,2.85,3,3.6,8,110
70,5,20,10,320,2,0.329,30,100,30,2.85,3,3.6,8,110
70,6,20,10,320,2,0.329,30,100,30,2.85,3,3.6,8,110
70,7,20,10,320,2,0.329,30,100,30,2.85,3,3.6,8,110
70,8,20,10,320,2,0.329,30,100,30,2.85,3,3.6,8,110
70,9,20,10,320,2,0.329,30,100,30,2.85,3,3.6,8,110
70,10,20,10,320,2,0.329,30,100,30,2.85,3,3.6,8,110
71,1,20,10,320,2,0.329,30,100,30,2.85,3,3.6,9,110
71,2,20,10,320,2,0.329,30,100,30,2.85,3,3.6,9,110
71,3,20,10,320,2,0.329,30,100,30,2.85,3,3.6,9,110
71,4,20,10,320,2,0.329,30,100,30,2.85,3,3.6,9,110
71,5,20,10,320,2,0.329,30,100,30,2.85,3,3.6,9,110
71,6,20,10,320,2,0.329,30,100,30,2.85,3,3.6,9,110
71,7,20,10,320,2,0.329,30,100,30,2.85,3,3.6,9,110
71,8,20,10,320,2,0.329,30,100,30,2.85,3,3.6,9,110
71,9,20,10,320,2,0.329,30,100,30,2.85,3,3.6,9,110
71,10,20,10,320,2,0.329,30,100,30,2.85,3,3.6,9,110
72,1,20,10,320,2,0.329,30,100,30,2.85,3,3.6,10,110
72,2,20,10,320,2,0.329,30,100,30,2.85,3,3.6,10,110
72,3,20,10,320,2,0.329,30,100,30,2.85,3,3.6,10,110
72,4,20,10,320,2,0.329,30,100,30,2.85,3,3.6,10,110
72,5,20,10,320,2,0.329,30,100,30,2.85,3,3.6,10,110
72,6,20,10,320,2,0.329,30,100,30,2.85,3,3.6,10,110
72,7,20,10,320,2,0.329,30,100,30,2.85,3,3.6,10,110
72,8,20,10,320,2,0.329,30,100,30,2.85,3,3.6,10,110
72,9,20,10,320,2,0.329,30,100,30,2.85,3,3.6,10,110
72,10,20,10,320,2,0.329,30,100,30,2.85,3,3.6,10,110
73,1,20,10,320,2,0.329,30,100,30,2.85,3,3.6,3,120
73,2,20,10,320,2,0.329,30,100,30,2.85,3,3.6,3,120
73,3,20,10,320,2,0.329,30,100,30,2.85,3,3.6,3,120
73,4,20,10,320,2,0.329,30,100,30,2.85,3,3.6,3,120
73,5,20,10,320,2,0.329,30,100,30,2.85,3,3.6,3,120
73,6,20,10,320,2,0.329,30,100,30,2.85,3,3.6,3,120
73,7,20,10,320,2,0.329,30,100,30,2.85,3,3.6,3,120
73,8,20,10,320,2,0.329,30,100,30,2.85,3,3.6,3,120
73,9,20,10,320,2,0.329,30,100,30,2.85,3,3.6,3,120
73,10,20,10,320,2,0.329,30,100,30,2.85,3,3.6,3,120
74,1,20,10,320,2,0.329,30,100,30,2.85,3,3.6,4,120
74,2,20,10,320,2,0.329,30,100,30,2.85,3,3.6,4,120
74,3,20,10,320,2,0.329,30,100,30,2.85,3,3.6,4,120
74,4,20,10,320,2,0.329,30,100,30,2.85,3,3.6,4,120
74,5,20,10,320,2,0.329,30,100,30,2.85,3,3.6,4,120
74,6,20,10,320,2,0.329,30,100,30,2.85,3,3.6,4,120
74,7,20,10,320,2,0.329,30,100,30,2.85,3,3.6,4,120
74,8,20,10,320,2,0.329,30,100,30,2.85,3,3.6,4,120
74,9,20,10,320,2,0.329,30,100,30,2.85,3,3.6,4,120
74,10,20,10,320,2,0.329,30,100,30,2.85,3,3.6,4,120
75,1,20,10,320,2,0.329,30,100,30,2.85,3,3.6,5,120
75,2,20,10,320,2,0.329,30,100,30,2.85,3,3.6,5,120
75,3,20,10,320,2,0.329,30,100,30,2.85,3,3.6,5,120
75,4,20,10,320,2,0.329,30,100,30,2.85,3,3.6,5,120
75,5,20,10,320,2,0.329,30,100,30,2.85,3,3.6,5,120
75,6,20,10,320,2,0.329,30,100,30,2.85,3,3.6,5,120
75,7,20,10,320,2,0.329,30,100,30,2.85,3,3.6,5,120
75,8,20,10,320,2,0.329,30,100,30,2.85,3,3.6,5,120
75,9,20,10,320,2,0.329,30,100,30,2.85,3,3.6,5,120
75,10,20,10,320,2,0.329,30,100,30,2.85,3,3.6,5,120
76,1,20,10,320,2,0.329,30,100,30,2.85,3,3.6,6,120
76,2,20,10,320,2,0.329,30,100,30,2.85,3,3.6,6,120
76,3,20,10,320,2,0.329,30,100,30,2.85,3,3.6,6,120
76,4,20,10,320,2,0.329,30,100,30,2.85,3,3.6,6,120
76,5,20,10,320,2,0.329,30,100,30,2.85,3,3.6,6,120
76,6,20,10,320,2,0.329,30,100,30,2.85,3,3.6,6,120
76,7,20,10,320,2,0.329,30,100,30,2.85,3,3.6,6,120
76,8,20,10,320,2,0.329,30,100,30,2.85,3,3.6,6,120
76,9,20,10,320,2,0.329,30,100,30,2.85,3,3.6,6,120
76,10,20,10,320,2,0.329,30,100,30,2.85,3,3.6,6,120
77,1,20,10,320,2,0.329,30,100,30,2.85,3,3.6,7,120
77,2,20,10,320,2,0.329,30,100,30,2.85,3,3.6,7,120
77,3,20,10,320,2,0.329,30,100,30,2.85,3,3.6,7,120
77,4,20,10,320,2,0.329,30,100,30,2.85,3,3.6,7,120
77,5,20,10,320,2,0.329,30,100,30,2.85,3,3.6,7,120
77,6,20,10,320,2,0.329,30,100,30,2.85,3,3.6,7,120
77,7,20,10,320,2,0.329,30,100,30,2.85,3,3.6,7,120
77,8,20,10,320,2,0.329,30,100,30,2.85,3,3.6,7,120
77,9,20,10,320,2,0.329,30,100,30,2.85,3,3.6,7,120
77,10,20,10,320,2,0.329,30,100,30,2.85,3,3.6,7,120
78,1,20,10,320,2,0.329,30,100,30,2.85,3,3.6,8,120
78,2,20,10,320,2,0.329,30,100,30,2.85,3,3.6,8,120
78,3,20,10,320,2,0.329,30,100,30,2.85,3,3.6,8,120
78,4,20,10,320,2,0.329,30,100,30,2.85,3,3.6,8,120
78,5,20,10,320,2,0.329,30,100,30,2.85,3,3.6,8,120
78,6,20,10,320,2,0.329,30,100,30,2.85,3,3.6,8,120
78,7,20,10,320,2,0.329,30,100,30,2.85,3,3.6,8,120
78,8,20,10,320,2,0.329,30,100,30,2.85,3,3.6,8,120
78,9,20,10,320,2,0.329,30,100,30,2.85,3,3.6,8,120
78,10,20,10,320,2,0.329,30,100,30,2.85,3,3.6,8,120
79,1,20,10,320,2,0.329,30,100,30,2.85,3,3.6,9,120
79,2,20,10,320,2,0.329,30,100,30,2.85,3,3.6,9,120
79,3,20,10,320,2,0.329,30,100,30,2.85,3,3.6,9,120
79,4,20,10,320,2,0.329,30,100,30,2.85,3,3.6,9,120
79,5,20,10,320,2,0.329,30,100,30,2.85,3,3.6,9,120
79,6,20,10,320,2,0.329,30,100,30,2.85,3,3.6,9,120
79,7,20,10,320,2,0.329,30,100,30,2.85,3,3.6,9,120
79,8,20,10,320,2,0.329,30,100,30,2.85,3,3.6,9,120
79,9,20,10,320,2,0.329,30,100,30,2.85,3,3.6,9,120
79,10,20,10,320,2,0.329,30,100,30,2.85,3,3.6,9,120
80,1,20,10,320,2,0.329,30,100,30,2.85,3,3.6,10,120
80,2,20,10,320,2,0.329,30,100,30,2.85,3,3.6,10,120
80,3,20,10,320,2,0.329,30,100,30,2.85,3,3.6,10,120
80,4,20,10,320,2,0.329,30,100,30,2.85,3,3.6,10,120
80,5,20,10,320,2,0.329,30,100,30,2.85,3,3.6,10,120
80,6,20,10,320,2,0.329,30,100,30,2.85,3,3.6,10,120
80,7,20,10,320,2,0.329,30,100,30,2.85,3,3.6,10,120
80,8,20,10,320,2,0.329,30,100,30,2.85,3,3.6,10,120
80,9,20,10,320,2,0.329,30,100,30,2.85,3,3.6,10,120
80,10,20,10,320,2,0.329,30,100,30,2.85,3,3.6,10,120
81,1,20,10,320,2,0.329,30,100,30,2.85,3,3.6,3,130
81,2,20,10,320,2,0.329,30,100,30,2.85,3,3.6,3,130
81,3,20,10,320,2,0.329,30,100,30,2.85,3,3.6,3,130
81,4,20,10,320,2,0.329,30,100,30,2.85,3,3.6,3,130
81,5,20,10,320,2,0.329,30,100,30,2.85,3,3.6,3,130
81,6,20,10,320,2,0.329,30,100,30,2.85,3,3.6,3,130
81,7,20,10,320,2,0.329,30,100,30,2.85,3,3.6,3,130
81,8,20,10,320,2,0.329,30,100,30,2.85,3,3.6,3,130
81,9,20,10,320,2,0.329,30,100,30,2.85,3,3.6,3,130
81,10,20,10,320,2,0.329,30,100,30,2.85,3,3.6,3,130
82,1,20,10,320,2,0.329,30,100,30,2.85,3,3.6,4,130
82,2,20,10,320,2,0.329,30,100,30,2.85,3,3.6,4,130
82,3,20,10,320,2,0.329,30,100,30,2.85,3,3.6,4,130
82,4,20,10,320,2,0.329,30,100,30,2.85,3,3.6,4,130
82,5,20,10,320,2,0.329,30,100,30,2.85,3,3.6,4,130
82,6,20,10,320,2,0.329,30,100,30,2.85,3,3.6,4,130
82,7,20,10,320,2,0.329,30,100,30,2.85,3,3.6,4,130
82,8,20,10,320,2,0.329,30,100,30,2.85,3,3.6,4,130
82,9,20,10,320,2,0.329,30,100,30,2.85,3,3.6,4,130
82,10,20,10,320,2,0.329,30,100,30,2.85,3,3.6,4,130
83,1,20,10,320,2,0.329,30,100,30,2.85,3,3.6,5,130
83,2,20,10,320,2,0.329,30,100,30,2.85,3,3.6,5,130
83,3,20,10,320,2,0.329,30,100,30,2.85,3,3.6,5,130
83,4,20,10,320,2,0.329,30,100,30,2.85,3,3.6,5,130
83,5,20,10,320,2,0.329,30,100,30,2.85,3,3.6,5,130
83,6,20,10,320,2,0.329,30,100,30,2.85,3,3.6,5,130
83,7,20,10,320,2,0.329,30,100,30,2.85,3,3.6,5,130
83,8,20,10,320,2,0.329,30,100,30,2.85,3,3.6,5,130
83,9,20,10,320,2,0.329,30,100,30,2.85,3,3.6,5,130
83,10,20,10,320,2,0.329,30,100,30,2.85,3,3.6,5,130
84,1,20,10,320,2,0.329,30,100,30,2.85,3,3.6,6,130
84,2,20,10,320,2,0.329,30,100,30,2.85,3,3.6,6,130
84,3,20,10,320,2,0.329,30,100,30,2.85,3,3.6,6,130
84,4,20,10,320,2,0.329,30,100,30,2.85,3,3.6,6,130
84,5,20,10,320,2,0.329,30,100,30,2.85,3,3.6,6,130
84,6,20,10,320,2,0.329,30,100,30,2.85,3,3.6,6,130
84,7,20,10,320,2,0.329,30,100,30,2.85,3,3.6,6,130
84,8,20,10,320,2,0.329,30,100,30,2.85,3,3.6,6,130
84,9,20,10,320,2,0.329,30,100,30,2.85,3,3.6,6,130
84,10,20,10,320,2,0.329,30,100,30,2.85,3,3.6,6,130
85,1,20,10,320,2,0.329,30,100,30,2.85,3,3.6,7,130
85,2,20,10,320,2,0.329,30,100,30,2.85,3,3.6,7,130
85,3,20,10,320,2,0.329,30,100,30,2.85,3,3.6,7,130
85,4,20,10,320,2,0.329,30,100,30,2.85,3,3.6,7,130
85,5,20,10,320,2,0.329,30,100,30,2.85,3,3.6,7,130
85,6,20,10,320,2,0.329,30,100,30,2.85,3,3.6,7,130
85,7,20,10,320,2,0.329,30,100,30,2.85,3,3.6,7,130
85,8,20,10,320,2,0.329,30,100,30,2.85,3,3.6,7,130
85,9,20,10,320,2,0.329,30,100,30,2.85,3,3.6,7,130
85,10,20,10,320,2,0.329,30,100,30,2.85,3,3.6,7,130
86,1,20,10,320,2,0.329,30,100,30,2.85,3,3.6,8,130
86,2,20,10,320,2,0.329,30,100,30,2.85,3,3.6,8,130
86,3,20,10,320,2,0.329,30,100,30,2.85,3,3.6,8,130
86,4,20,10,320,2,0.329,30,100,30,2.85,3,3.6,8,130
86,5,20,10,320,2,0.329,30,100,30,2.85,3,3.6,8,130
86,6,20,10,320,2,0.329,30,100,30,2.85,3,3.6,8,130
86,7,20,10,320,2,0.329,30,100,30,2.85,3,3.6,8,130
86,8,20,10,320,2,0.329,30,100,30,2.85,3,3.6,8,130
86,9,20,10,320,2,0.329,30,100,30,2.85,3,3.6,8,130
86,10,20,10,320,2,0.329,30,100,30,2.85,3,3.6,8,130
87,1,20,10,320,2,0.329,30,100,30,2.85,3,3.6,9,130
87,2,20,10,320,2,0.329,30,100,30,2.85,3,3.6,9,130
87,3,20,10,320,2,0.329,30,100,30,2.85,3,3.6,9,130
87,4,20,10,320,2,0.329,30,100,30,2.85,3,3.6,9,130
87,5,20,10,320,2,0.329,30,100,30,2.85,3,3.6,9,130
87,6,20,10,320,2,0.329,30,100,30,2.85,3,3.6,9,130
87,7,20,10,320,2,0.329,30,100,30,2.85,3,3.6,9,130
87,8,20,10,320,2,0.329,30,100,30,2.85,3,3.6,9,130
87,9,20,10,320,2,0.329,30,100,30,2.85,3,3.6,9,130
87,10,20,10,320,2,0.329,30,100,30,2.85,3,3.6,9,130
88,1,20,10,320,2,0.329,30,100,30,2.85,3,3.6,10,130
88,2,20,10,320,2,0.329,30,100,30,2.85,3,3.6,10,130
88,3,20,10,320,2,0.329,30,100,30,2.85,3,3.6,10,130
88,4,20,10,320,2,0.329,30,100,30,2.85,3,3.6,10,130
88,5,20,10,320,2,0.329,30,100,30,2.85,3,3.6,10,130
88,6,20,10,320,2,0.329,30,100,30,2.85,3,3.6,10,130
88,7,20,10,320,2,0.329,30,100,30,2.85,3,3.6,10,130
88,8,20,10,320,2,0.329,30,100,30,2.85,3,3.6,10,130
88,9,20,10,320,2,0.329,30,100,30,2.85,3,3.6,10,130
88,10,20,10,320,2,0.329,30,100,30,2.85,3,3.6,10,130
89,1,20,10,320,2,0.329,30,100,30,2.85,3,3.6,3,140
89,2,20,10,320,2,0.329,30,100,30,2.85,3,3.6,3,140
89,3,20,10,320,2,0.329,30,100,30,2.85,3,3.6,3,140
89,4,20,10,320,2,0.329,30,100,30,2.85,3,3.6,3,140
89,5,20,10,320,2,0.329,30,100,30,2.85,3,3.6,3,140
89,6,20,10,320,2,0.329,30,100,30,2.85,3,3.6,3,140
89,7,20,10,320,2,0.329,30,100,30,2.85,3,3.6,3,140
89,8,20,10,320,2,0.329,30,100,30,2.85,3,3.6,3,140
89,9,20,10,320,2,0.329,30,100,30,2.85,3,3.6,3,140
89,10,20,10,320,2,0.329,30,100,30,2.85,3,3.6,3,140
90,1,20,10,320,2,0.329,30,100,30,2.85,3,3.6,4,140
90,2,20,10,320,2,0.329,30,100,30,2.85,3,3.6,4,140
90,3,20,10,320,2,0.329,30,100,30,2.85,3,3.6,4,140
90,4,20,10,320,2,0.329,30,100,30,2.85,3,3.6,4,140
90,5,20,10,320,2,0.329,30,100,30,2.85,3,3.6,4,140
90,6,20,10,320,2,0.329,30,100,30,2.85,3,3.6,4,140
90,7,20,10,320,2,0.329,30,100,30,2.85,3,3.6,4,140
90,8,20,10,320,2,0.329,30,100,30,2.85,3,3.6,4,140
90,9,20,10,320,2,0.329,30,100,30,2.85,3,3.6,4,140
90,10,20,10,320,2,0.329,30,100,30,2.85,3,3.6,4,140
91,1,20,10,320,2,0.329,30,100,30,2.85,3,3.6,5,140
91,2,20,10,320,2,0.329,30,100,30,2.85,3,3.6,5,140
91,3,20,10,320,2,0.329,30,100,30,2.85,3,3.6,5,140
91,4,20,10,320,2,0.329,30,100,30,2.85,3,3.6,5,140
91,5,20,10,320,2,0.329,30,100,30,2.85,3,3.6,5,140
91,6,20,10,320,2,0.329,30,100,30,2.85,3,3.6,5,140
91,7,20,10,320,2,0.329,30,100,30,2.85,3,3.6,5,140
91,8,20,10,320,2,0.329,30,100,30,2.85,3,3.6,5,140
91,9,20,10,320,2,0.329,30,100,30,2.85,3,3.6,5,140
91,10,20,10,320,2,0.329,30,100,30,2.85,3,3.6,5,140
92,1,20,10,320,2,0.329,30,100,30,2.85,3,3.6,6,140
92,2,20,10,320,2,0.329,30,100,30,2.85,3,3.6,6,140
92,3,20,10,320,2,0.329,30,100,30,2.85,3,3.6,6,140
92,4,20,10,320,2,0.329,30,100,30,2.85,3,3.6,6,140
92,5,20,10,320,2,0.329,30,100,30,2.85,3,3.6,6,140
92,6,20,10,320,2,0.329,30,100,30,2.85,3,3.6,6,140
92,7,20,10,320,2,0.329,30,100,30,2.85,3,3.6,6,140
92,8,20,10,320,2,0.329,30,100,30,2.85,3,3.6,6,140
92,9,20,10,320,2,0.329,30,100,30,2.85,3,3.6,6,140
92,10,20,10,320,2,0.329,30,100,30,2.85,3,3.6,6,140
93,1,20,10,320,2,0.329,30,100,30,2.85,3,3.6,7,140
93,2,20,10,320,2,0.329,30,100,30,2.85,3,3.6,7,140
93,3,20,10,320,2,0.329,30,100,30,2.85,3,3.6,7,140
93,4,20,10,320,2,0.329,30,100,30,2.85,3,3.6,7,140
93,5,20,10,320,2,0.329,30,100,30,2.85,3,3.6,7,140
93,6,20,10,320,2,0.329,30,100,30,2.85,3,3.6,7,140
93,7,20,10,320,2,0.329,30,100,30,2.85,3,3.6,7,140
93,8,20,10,320,2,0.329,30,100,30,2.85,3,3.6,7,140
93,9,20,10,320,2,0.329,30,100,30,2.85,3,3.6,7,140
93,10,20,10,320,2,0.329,30,100,30,2.85,3,3.6,7,140
94,1,20,10,320,2,0.329,30,100,30,2.85,3,3.6,8,140
94,2,20,10,320,2,0.329,30,100,30,2.85,3,3.6,8,140
94,3,20,10,320,2,0.329,30,100,30,2.85,3,3.6,8,140
94,4,20,10,320,2,0.329,30,100,30,2.85,3,3.6,8,140
94,5,20,10,320,2,0.329,30,100,30,2.85,3,3.6,8,140
94,6,20,10,320,2,0.329,30,100,30,2.85,3,3.6,8,140
94,7,20,10,320,2,0.329,30,100,30,2.85,3,3.6,8,140
94,8,20,10,320,2,0.329,30,100,30,2.85,3,3.6,8,140
94,9,20,10,320,2,0.329,30,100,30,2.85,3,3.6,8,140
94,10,20,10,320,2,0.329,30,100,30,2.85,3,3.6,8,140
95,1,20,10,320,2,0.329,30,100,30,2.85,3,3.6,9,140
95,2,20,10,320,2,0.329,30,100,30,2.85,3,3.6,9,140
95,3,20,10,320,2,0.329,30,100,30,2.85,3,3.6,9,140
95,4,20,10,320,2,0.329,30,100,30,2.85,3,3.6,9,140
95,5,20,10,320,2,0.329,30,100,30,2.85,3,3.6,9,140
95,6,20,10,320,2,0.329,30,100,30,2.85,3,3.6,9,140
95,7,20,10,320,2,0.329,30,100,30,2.85,3,3.6,9,140
95,8,20,10,320,2,0.329,30,100,30,2.85,3,3.6,9,140
95,9,20,10,320,2,0.329,30,100,30,2.85,3,3.6,9,140
95,10,20,10,320,2,0.329,30,100,30,2.85,3,3.6,9,140
96,1,20,10,320,2,0.329,30,100,30,2.85,3,3.6,10,140
96,2,20,10,320,2,0.329,30,100,30,2.85,3,3.6,10,140
96,3,20,10,320,2,0.329,30,100,30,2.85,3,3.6,10,140
96,4,20,10,320,2,0.329,30,100,30,2.85,3,3.6,10,140
96,5,20,10,320,2,0.329,30,100,30,2.85,3,3.6,10,140
96,6,20,10,320,2,0.329,30,100,30,2.85,3,3.6,10,140
96,7,20,10,320,2,0.329,30,100,30,2.85,3,3.6,10,140
96,8,20,10,320,2,0.329,30,100,30,2.85,3,3.6,10,140
96,9,20,10,320,2,0.329,30,100,30,2.85,3,3.6,10,140
96,10,20,10,320,2,0.329,30,100,30,2.85,3,3.6,10,140
97,1,20,10,320,2,0.329,30,100,30,2.85,3,3.6,3,150
97,2,20,10,320,2,0.329,30,100,30,2.85,3,3.6,3,150
97,3,20,10,320,2,0.329,30,100,30,2.85,3,3.6,3,150
97,4,20,10,320,2,0.329,30,100,30,2.85,3,3.6,3,150
97,5,20,10,320,2,0.329,30,100,30,2.85,3,3.6,3,150
97,6,20,10,320,2,0.329,30,100,30,2.85,3,3.6,3,150
97,7,20,10,320,2,0.329,30,100,30,2.85,3,3.6,3,150
97,8,20,10,320,2,0.329,30,100,30,2.85,3,3.6,3,150
97,9,20,10,320,2,0.329,30,100,30,2.85,3,3.6,3,150
97,10,20,10,320,2,0.329,30,100,30,2.85,3,3.6,3,150
98,1,20,10,320,2,0.329,30,100,30,2.85,3,3.6,4,150
98,2,20,10,320,2,0.329,30,100,30,2.85,3,3.6,4,150
98,3,20,10,320,2,0.329,30,100,30,2.85,3,3.6,4,150
98,4,20,10,320,2,0.329,30,100,30,2.85,3,3.6,4,150
98,5,20,10,320,2,0.329,30,100,30,2.85,3,3.6,4,150
98,6,20,10,320,2,0.329,30,100,30,2.85,3,3.6,4,150
98,7,20,10,320,2,0.329,30,100,30,2.85,3,3.6,4,150
98,8,20,10,320,2,0.329,30,100,30,2.85,3,3.6,4,150
98,9,20,10,320,2,0.329,30,100,30,2.85,3,3.6,4,150
98,10,20,10,320,2,0.329,30,100,30,2.85,3,3.6,4,150
99,1,20,10,320,2,0.329,30,100,30,2.85,3,3.6,5,150
99,2,20,10,320,2,0.329,30,100,30,2.85,3,3.6,5,150
99,3,20,10,320,2,0.329,30,100,30,2.85,3,3.6,5,150
99,4,20,10,320,2,0.329,30,100,30,2.85,3,3.6,5,150
99,5,20,10,320,2,0.329,30,100,30,2.85,3,3.6,5,150
99,6,20,10,320,2,0.329,30,100,30,2.85,3,3.6,5,150
99,7,20,10,320,2,0.329,30,100,30,2.85,3,3.6,5,150
99,8,20,10,320,2,0.329,30,100,30,2.85,3,3.6,5,150
99,9,20,10,320,2,0.329,30,100,30,2.85,3,3.6,5,150
99,10,20,10,320,2,0.329,30,100,30,2.85,3,3.6,5,150
100,1,20,10,320,2,0.329,30,100,30,2.85,3,3.6,6,150
100,2,20,10,320,2,0.329,30,100,30,2.85,3,3.6,6,150
100,3,20,10,320,2,0.329,30,100,30,2.85,3,3.6,6,150
100,4,20,10,320,2,0.329,30,100,30,2.85,3,3.6,6,150
100,5,20,10,320,2,0.329,30,100,30,2.85,3,3.6,6,150
100,6,20,10,320,2,0.329,30,100,30,2.85,3,3.6,6,150
100,7,20,10,320,2,0.329,30,100,30,2.85,3,3.6,6,150
100,8,20,10,320,2,0.329,30,100,30,2.85,3,3.6,6,150
100,9,20,10,320,2,0.329,30,100,30,2.85,3,3.6,6,150
100,10,20,10,320,2,0.329,30,100,30,2.85,3,3.6,6,150
101,1,20,10,320,2,0.329,30,100,30,2.85,3,3.6,7,150
101,2,20,10,320,2,0.329,30,100,30,2.85,3,3.6,7,150
101,3,20,10,320,2,0.329,30,100,30,2.85,3,3.6,7,150
101,4,20,10,320,2,0.329,30,100,30,2.85,3,3.6,7,150
101,5,20,10,320,2,0.329,30,100,30,2.85,3,3.6,7,150
101,6,20,10,320,2,0.329,30,100,30,2.85,3,3.6,7,150
101,7,20,10,320,2,0.329,30,100,30,2.85,3,3.6,7,150
101,8,20,10,320,2,0.329,30,100,30,2.85,3,3.6,7,150
101,9,20,10,320,2,0.329,30,100,30,2.85,3,3.6,7,150
101,10,20,10,320,2,0.329,30,100,30,2.85,3,3.6,7,150
102,1,20,10,320,2,0.329,30,100,30,2.85,3,3.6,8,150
102,2,20,10,320,2,0.329,30,100,30,2.85,3,3.6,8,150
102,3,20,10,320,2,0.329,30,100,30,2.85,3,3.6,8,150
102,4,20,10,320,2,0.329,30,100,30,2.85,3,3.6,8,150
102,5,20,10,320,2,0.329,30,100,30,2.85,3,3.6,8,150
102,6,20,10,320,2,0.329,30,100,30,2.85,3,3.6,8,150
102,7,20,10,320,2,0.329,30,100,30,2.85,3,3.6,8,150
102,8,20,10,320,2,0.329,30,100,30,2.85,3,3.6,8,150
102,9,20,10,320,2,0.329,30,100,30,2.85,3,3.6,8,150
102,10,20,10,320,2,0.329,30,100,30,2.85,3,3.6,8,150
103,1,20,10,320,2,0.329,30,100,30,2.85,3,3.6,9,150
103,2,20,10,320,2,0.329,30,100,30,2.85,3,3.6,9,150
103,3,20,10,320,2,0.329,30,100,30,2.85,3,3.6,9,150
103,4,20,10,320,2,0.329,30,100,30,2.85,3,3.6,9,150
103,5,20,10,320,2,0.329,30,100,30,2.85,3,3.6,9,150
103,6,20,10,320,2,0.329,30,100,30,2.85,3,3.6,9,150
103,7,20,10,320,2,0.329,30,100,30,2.85,3,3.6,9,150
103,8,20,10,320,2,0.329,30,100,30,2.85,3,3.6,9,150
103,9,20,10,320,2,0.329,30,100,30,2.85,3,3.6,9,150
103,10,20,10,320,2,0.329,30,100,30,2.85,3,3.6,9,150
104,1,20,10,320,2,0.329,30,100,30,2.85,3,3.6,10,150
104,2,20,10,320,2,0.329,30,100,30,2.85,3,3.6,10,150
104,3,20,10,320,2,0.329,30,100,30,2.85,3,3.6,10,150
104,4,20,10,320,2,0.329,30,100,30,2.85,3,3.6,10,150
104,5,20,10,320,2,0.329,30,100,30,2.85,3,3.6,10,150
104,6,20,10,320,2,0.329,30,100,30,2.85,3,3.6,10,150
104,7,20,10,320,2,0.329,30,100,30,2.85,3,3.6,10,150
104,8,20,10,320,2,0.329,30,100,30,2.85,3,3.6,10,150
104,9,20,10,320,2,0.329,30,100,30,2.85,3,3.6,10,150
104,10,20,10,320,2,0.329,30,100,30,2.85,3,3.6,10,150
