"id","part","m","int_t","target_n","beta_m","beta_s","v_sh","v_r","setup_r_a","setup_r_b"
1,1,10,0.2,352,1.79,0.0593,100,2000,200,40
1,2,10,0.2,352,1.79,0.0593,100,2000,200,40
1,3,10,0.2,352,1.79,0.0593,100,2000,200,40
1,4,10,0.2,352,1.79,0.0593,100,2000,200,40
1,5,10,0.2,352,1.79,0.0593,100,2000,200,40
1,6,10,0.2,352,1.79,0.0593,100,2000,200,40
1,7,10,0.2,352,1.79,0.0593,100,2000,200,40
1,8,10,0.2,352,1.79,0.0593,100,2000,200,40
1,9,10,0.2,352,1.79,0.0593,100,2000,200,40
1,10,10,0.2,352,1.79,0.0593,100,2000,200,40
2,1,30,0.2,352,1.79,0.0593,100,2000,200,40
2,2,30,0.2,352,1.79,0.0593,100,2000,200,40
2,3,30,0.2,352,1.79,0.0593,100,2000,200,40
2,4,30,0.2,352,1.79,0.0593,100,2000,200,40
2,5,30,0.2,352,1.79,0.0593,100,2000,200,40
2,6,30,0.2,352,1.79,0.0593,100,2000,200,40
2,7,30,0.2,352,1.79,0.0593,100,2000,200,40
2,8,30,0.2,352,1.79,0.0593,100,2000,200,40
2,9,30,0.2,352,1.79,0.0593,100,2000,200,40
2,10,30,0.2,352,1.79,0.0593,100,2000,200,40
3,1,10,0.5,352,1.79,0.0593,100,2000,200,40
3,2,10,0.5,352,1.79,0.0593,100,2000,200,40
3,3,10,0.5,352,1.79,0.0593,100,2000,200,40
3,4,10,0.5,352,1.79,0.0593,100,2000,200,40
3,5,10,0.5,352,1.79,0.0593,100,2000,200,40
3,6,10,0.5,352,1.79,0.0593,100,2000,200,40
3,7,10,0.5,352,1.79,0.0593,100,2000,200,40
3,8,10,0.5,352,1.79,0.0593,100,2000,200,40
3,9,10,0.5,352,1.79,0.0593,100,2000,200,40
3,10,10,0.5,352,1.79,0.0593,100,2000,200,40
4,1,30,0.5,352,1.79,0.0593,100,2000,200,40
4,2,30,0.5,352,1.79,0.0593,100,2000,200,40
4,3,30,0.5,352,1.79,0.0593,100,2000,200,40
4,4,30,0.5,352,1.79,0.0593,100,2000,200,40
4,5,30,0.5,352,1.79,0.0593,100,2000,200,40
4,6,30,0.5,352,1.79,0.0593,100,2000,200,40
4,7,30,0.5,352,1.79,0.0593,100,2000,200,40
4,8,30,0.5,352,1.79,0.0593,100,2000,200,40
4,9,30,0.5,352,1.79,0.0593,100,2000,200,40
4,10,30,0.5,352,1.79,0.0593,100,2000,200,40
5,1,10,0.2,788,1.79,0.0593,100,2000,200,40
5,2,10,0.2,788,1.79,0.0593,100,2000,200,40
5,3,10,0.2,788,1.79,0.0593,100,2000,200,40
5,4,10,0.2,788,1.79,0.0593,100,2000,200,40
5,5,10,0.2,788,1.79,0.0593,100,2000,200,40
5,6,10,0.2,788,1.79,0.0593,100,2000,200,40
5,7,10,0.2,788,1.79,0.0593,100,2000,200,40
5,8,10,0.2,788,1.79,0.0593,100,2000,200,40
5,9,10,0.2,788,1.79,0.0593,100,2000,200,40
5,10,10,0.2,788,1.79,0.0593,100,2000,200,40
6,1,30,0.2,788,1.79,0.0593,100,2000,200,40
6,2,30,0.2,788,1.79,0.0593,100,2000,200,40
6,3,30,0.2,788,1.79,0.0593,100,2000,200,40
6,4,30,0.2,788,1.79,0.0593,100,2000,200,40
6,5,30,0.2,788,1.79,0.0593,100,2000,200,40
6,6,30,0.2,788,1.79,0.0593,100,2000,200,40
6,7,30,0.2,788,1.79,0.0593,100,2000,200,40
6,8,30,0.2,788,1.79,0.0593,100,2000,200,40
6,9,30,0.2,788,1.79,0.0593,100,2000,200,40
6,10,30,0.2,788,1.79,0.0593,100,2000,200,40
7,1,10,0.5,788,1.79,0.0593,100,2000,200,40
7,2,10,0.5,788,1.79,0.0593,100,2000,200,40
7,3,10,0.5,788,1.79,0.0593,100,2000,200,40
7,4,10,0.5,788,1.79,0.0593,100,2000,200,40
7,5,10,0.5,788,1.79,0.0593,100,2000,200,40
7,6,10,0.5,788,1.79,0.0593,100,2000,200,40
7,7,10,0.5,788,1.79,0.0593,100,2000,200,40
7,8,10,0.5,788,1.79,0.0593,100,2000,200,40
7,9,10,0.5,788,1.79,0.0593,100,2000,200,40
7,10,10,0.5,788,1.79,0.0593,100,2000,200,40
8,1,30,0.5,788,1.79,0.0593,100,2000,200,40
8,2,30,0.5,788,1.79,0.0593,100,2000,200,40
8,3,30,0.5,788,1.79,0.0593,100,2000,200,40
8,4,30,0.5,788,1.79,0.0593,100,2000,200,40
8,5,30,0.5,788,1.79,0.0593,100,2000,200,40
8,6,30,0.5,788,1.79,0.0593,100,2000,200,40
8,7,30,0.5,788,1.79,0.0593,100,2000,200,40
8,8,30,0.5,788,1.79,0.0593,100,2000,200,40
8,9,30,0.5,788,1.79,0.0593,100,2000,200,40
8,10,30,0.5,788,1.79,0.0593,100,2000,200,40
9,1,10,0.2,352,2.994,0.0588,100,2000,200,40
9,2,10,0.2,352,2.994,0.0588,100,2000,200,40
9,3,10,0.2,352,2.994,0.0588,100,2000,200,40
9,4,10,0.2,352,2.994,0.0588,100,2000,200,40
9,5,10,0.2,352,2.994,0.0588,100,2000,200,40
9,6,10,0.2,352,2.994,0.0588,100,2000,200,40
9,7,10,0.2,352,2.994,0.0588,100,2000,200,40
9,8,10,0.2,352,2.994,0.0588,100,2000,200,40
9,9,10,0.2,352,2.994,0.0588,100,2000,200,40
9,10,10,0.2,352,2.994,0.0588,100,2000,200,40
10,1,30,0.2,352,2.994,0.0588,100,2000,200,40
10,2,30,0.2,352,2.994,0.0588,100,2000,200,40
10,3,30,0.2,352,2.994,0.0588,100,2000,200,40
10,4,30,0.2,352,2.994,0.0588,100,2000,200,40
10,5,30,0.2,352,2.994,0.0588,100,2000,200,40
10,6,30,0.2,352,2.994,0.0588,100,2000,200,40
10,7,30,0.2,352,2.994,0.0588,100,2000,200,40
10,8,30,0.2,352,2.994,0.0588,100,2000,200,40
10,9,30,0.2,352,2.994,0.0588,100,2000,200,40
10,10,30,0.2,352,2.994,0.0588,100,2000,200,40
11,1,10,0.5,352,2.994,0.0588,100,2000,200,40
11,2,10,0.5,352,2.994,0.0588,100,2000,200,40
11,3,10,0.5,352,2.994,0.0588,100,2000,200,40
11,4,10,0.5,352,2.994,0.0588,100,2000,200,40
11,5,10,0.5,352,2.994,0.0588,100,2000,200,40
11,6,10,0.5,352,2.994,0.0588,100,2000,200,40
11,7,10,0.5,352,2.994,0.0588,100,2000,200,40
11,8,10,0.5,352,2.994,0.0588,100,2000,200,40
11,9,10,0.5,352,2.994,0.0588,100,2000,200,40
11,10,10,0.5,352,2.994,0.0588,100,2000,200,40
12,1,30,0.5,352,2.994,0.0588,100,2000,200,40
12,2,30,0.5,352,2.994,0.0588,100,2000,200,40
12,3,30,0.5,352,2.994,0.0588,100,2000,200,40
12,4,30,0.5,352,2.994,0.0588,100,2000,200,40
12,5,30,0.5,352,2.994,0.0588,100,2000,200,40
12,6,30,0.5,352,2.994,0.0588,100,2000,200,40
12,7,30,0.5,352,2.994,0.0588,100,2000,200,40
12,8,30,0.5,352,2.994,0.0588,100,2000,200,40
12,9,30,0.5,352,2.994,0.0588,100,2000,200,40
12,10,30,0.5,352,2.994,0.0588,100,2000,200,40
13,1,10,0.2,788,2.994,0.0588,100,2000,200,40
13,2,10,0.2,788,2.994,0.0588,100,2000,200,40
13,3,10,0.2,788,2.994,0.0588,100,2000,200,40
13,4,10,0.2,788,2.994,0.0588,100,2000,200,40
13,5,10,0.2,788,2.994,0.0588,100,2000,200,40
13,6,10,0.2,788,2.994,0.0588,100,2000,200,40
13,7,10,0.2,788,2.994,0.0588,100,2000,200,40
13,8,10,0.2,788,2.994,0.0588,100,2000,200,40
13,9,10,0.2,788,2.994,0.0588,100,2000,200,40
13,10,10,0.2,788,2.994,0.0588,100,2000,200,40
14,1,30,0.2,788,2.994,0.0588,100,2000,200,40
14,2,30,0.2,788,2.994,0.0588,100,2000,200,40
14,3,30,0.2,788,2.994,0.0588,100,2000,200,40
14,4,30,0.2,788,2.994,0.0588,100,2000,200,40
14,5,30,0.2,788,2.994,0.0588,100,2000,200,40
14,6,30,0.2,788,2.994,0.0588,100,2000,200,40
14,7,30,0.2,788,2.994,0.0588,100,2000,200,40
14,8,30,0.2,788,2.994,0.0588,100,2000,200,40
14,9,30,0.2,788,2.994,0.0588,100,2000,200,40
14,10,30,0.2,788,2.994,0.0588,100,2000,200,40
15,1,10,0.5,788,2.994,0.0588,100,2000,200,40
15,2,10,0.5,788,2.994,0.0588,100,2000,200,40
15,3,10,0.5,788,2.994,0.0588,100,2000,200,40
15,4,10,0.5,788,2.994,0.0588,100,2000,200,40
15,5,10,0.5,788,2.994,0.0588,100,2000,200,40
15,6,10,0.5,788,2.994,0.0588,100,2000,200,40
15,7,10,0.5,788,2.994,0.0588,100,2000,200,40
15,8,10,0.5,788,2.994,0.0588,100,2000,200,40
15,9,10,0.5,788,2.994,0.0588,100,2000,200,40
15,10,10,0.5,788,2.994,0.0588,100,2000,200,40
16,1,30,0.5,788,2.994,0.0588,100,2000,200,40
16,2,30,0.5,788,2.994,0.0588,100,2000,200,40
16,3,30,0.5,788,2.994,0.0588,100,2000,200,40
16,4,30,0.5,788,2.994,0.0588,100,2000,200,40
16,5,30,0.5,788,2.994,0.0588,100,2000,200,40
16,6,30,0.5,788,2.994,0.0588,100,2000,200,40
16,7,30,0.5,788,2.994,0.0588,100,2000,200,40
16,8,30,0.5,788,2.994,0.0588,100,2000,200,40
16,9,30,0.5,788,2.994,0.0588,100,2000,200,40
16,10,30,0.5,788,2.994,0.0588,100,2000,200,40
17,1,10,0.2,352,1.79,0.0593,500,1667,200,40
17,2,10,0.2,352,1.79,0.0593,500,1667,200,40
17,3,10,0.2,352,1.79,0.0593,500,1667,200,40
17,4,10,0.2,352,1.79,0.0593,500,1667,200,40
17,5,10,0.2,352,1.79,0.0593,500,1667,200,40
17,6,10,0.2,352,1.79,0.0593,500,1667,200,40
17,7,10,0.2,352,1.79,0.0593,500,1667,200,40
17,8,10,0.2,352,1.79,0.0593,500,1667,200,40
17,9,10,0.2,352,1.79,0.0593,500,1667,200,40
17,10,10,0.2,352,1.79,0.0593,500,1667,200,40
18,1,30,0.2,352,1.79,0.0593,500,1667,200,40
18,2,30,0.2,352,1.79,0.0593,500,1667,200,40
18,3,30,0.2,352,1.79,0.0593,500,1667,200,40
18,4,30,0.2,352,1.79,0.0593,500,1667,200,40
18,5,30,0.2,352,1.79,0.0593,500,1667,200,40
18,6,30,0.2,352,1.79,0.0593,500,1667,200,40
18,7,30,0.2,352,1.79,0.0593,500,1667,200,40
18,8,30,0.2,352,1.79,0.0593,500,1667,200,40
18,9,30,0.2,352,1.79,0.0593,500,1667,200,40
18,10,30,0.2,352,1.79,0.0593,500,1667,200,40
19,1,10,0.5,352,1.79,0.0593,500,1667,200,40
19,2,10,0.5,352,1.79,0.0593,500,1667,200,40
19,3,10,0.5,352,1.79,0.0593,500,1667,200,40
19,4,10,0.5,352,1.79,0.0593,500,1667,200,40
19,5,10,0.5,352,1.79,0.0593,500,1667,200,40
19,6,10,0.5,352,1.79,0.0593,500,1667,200,40
19,7,10,0.5,352,1.79,0.0593,500,1667,200,40
19,8,10,0.5,352,1.79,0.0593,500,1667,200,40
19,9,10,0.5,352,1.79,0.0593,500,1667,200,40
19,10,10,0.5,352,1.79,0.0593,500,1667,200,40
20,1,30,0.5,352,1.79,0.0593,500,1667,200,40
20,2,30,0.5,352,1.79,0.0593,500,1667,200,40
20,3,30,0.5,352,1.79,0.0593,500,1667,200,40
20,4,30,0.5,352,1.79,0.0593,500,1667,200,40
20,5,30,0.5,352,1.79,0.0593,500,1667,200,40
20,6,30,0.5,352,1.79,0.0593,500,1667,200,40
20,7,30,0.5,352,1.79,0.0593,500,1667,200,40
20,8,30,0.5,352,1.79,0.0593,500,1667,200,40
20,9,30,0.5,352,1.79,0.0593,500,1667,200,40
20,10,30,0.5,352,1.79,0.0593,500,1667,200,40
21,1,10,0.2,788,1.79,0.0593,500,1667,200,40
21,2,10,0.2,788,1.79,0.0593,500,1667,200,40
21,3,10,0.2,788,1.79,0.0593,500,1667,200,40
21,4,10,0.2,788,1.79,0.0593,500,1667,200,40
21,5,10,0.2,788,1.79,0.0593,500,1667,200,40
21,6,10,0.2,788,1.79,0.0593,500,1667,200,40
21,7,10,0.2,788,1.79,0.0593,500,1667,200,40
21,8,10,0.2,788,1.79,0.0593,500,1667,200,40
21,9,10,0.2,788,1.79,0.0593,500,1667,200,40
21,10,10,0.2,788,1.79,0.0593,500,1667,200,40
22,1,30,0.2,788,1.79,0.0593,500,1667,200,40
22,2,30,0.2,788,1.79,0.0593,500,1667,200,40
22,3,30,0.2,788,1.79,0.0593,500,1667,200,40
22,4,30,0.2,788,1.79,0.0593,500,1667,200,40
22,5,30,0.2,788,1.79,0.0593,500,1667,200,40
22,6,30,0.2,788,1.79,0.0593,500,1667,200,40
22,7,30,0.2,788,1.79,0.0593,500,1667,200,40
22,8,30,0.2,788,1.79,0.0593,500,1667,200,40
22,9,30,0.2,788,1.79,0.0593,500,1667,200,40
22,10,30,0.2,788,1.79,0.0593,500,1667,200,40
23,1,10,0.5,788,1.79,0.0593,500,1667,200,40
23,2,10,0.5,788,1.79,0.0593,500,1667,200,40
23,3,10,0.5,788,1.79,0.0593,500,1667,200,40
23,4,10,0.5,788,1.79,0.0593,500,1667,200,40
23,5,10,0.5,788,1.79,0.0593,500,1667,200,40
23,6,10,0.5,788,1.79,0.0593,500,1667,200,40
23,7,10,0.5,788,1.79,0.0593,500,1667,200,40
23,8,10,0.5,788,1.79,0.0593,500,1667,200,40
23,9,10,0.5,788,1.79,0.0593,500,1667,200,40
23,10,10,0.5,788,1.79,0.0593,500,1667,200,40
24,1,30,0.5,788,1.79,0.0593,500,1667,200,40
24,2,30,0.5,788,1.79,0.0593,500,1667,200,40
24,3,30,0.5,788,1.79,0.0593,500,1667,200,40
24,4,30,0.5,788,1.79,0.0593,500,1667,200,40
24,5,30,0.5,788,1.79,0.0593,500,1667,200,40
24,6,30,0.5,788,1.79,0.0593,500,1667,200,40
24,7,30,0.5,788,1.79,0.0593,500,1667,200,40
24,8,30,0.5,788,1.79,0.0593,500,1667,200,40
24,9,30,0.5,788,1.79,0.0593,500,1667,200,40
24,10,30,0.5,788,1.79,0.0593,500,1667,200,40
25,1,10,0.2,352,2.994,0.0588,500,1667,200,40
25,2,10,0.2,352,2.994,0.0588,500,1667,200,40
25,3,10,0.2,352,2.994,0.0588,500,1667,200,40
25,4,10,0.2,352,2.994,0.0588,500,1667,200,40
25,5,10,0.2,352,2.994,0.0588,500,1667,200,40
25,6,10,0.2,352,2.994,0.0588,500,1667,200,40
25,7,10,0.2,352,2.994,0.0588,500,1667,200,40
25,8,10,0.2,352,2.994,0.0588,500,1667,200,40
25,9,10,0.2,352,2.994,0.0588,500,1667,200,40
25,10,10,0.2,352,2.994,0.0588,500,1667,200,40
26,1,30,0.2,352,2.994,0.0588,500,1667,200,40
26,2,30,0.2,352,2.994,0.0588,500,1667,200,40
26,3,30,0.2,352,2.994,0.0588,500,1667,200,40
26,4,30,0.2,352,2.994,0.0588,500,1667,200,40
26,5,30,0.2,352,2.994,0.0588,500,1667,200,40
26,6,30,0.2,352,2.994,0.0588,500,1667,200,40
26,7,30,0.2,352,2.994,0.0588,500,1667,200,40
26,8,30,0.2,352,2.994,0.0588,500,1667,200,40
26,9,30,0.2,352,2.994,0.0588,500,1667,200,40
26,10,30,0.2,352,2.994,0.0588,500,1667,200,40
27,1,10,0.5,352,2.994,0.0588,500,1667,200,40
27,2,10,0.5,352,2.994,0.0588,500,1667,200,40
27,3,10,0.5,352,2.994,0.0588,500,1667,200,40
27,4,10,0.5,352,2.994,0.0588,500,1667,200,40
27,5,10,0.5,352,2.994,0.0588,500,1667,200,40
27,6,10,0.5,352,2.994,0.0588,500,1667,200,40
27,7,10,0.5,352,2.994,0.0588,500,1667,200,40
27,8,10,0.5,352,2.994,0.0588,500,1667,200,40
27,9,10,0.5,352,2.994,0.0588,500,1667,200,40
27,10,10,0.5,352,2.994,0.0588,500,1667,200,40
28,1,30,0.5,352,2.994,0.0588,500,1667,200,40
28,2,30,0.5,352,2.994,0.0588,500,1667,200,40
28,3,30,0.5,352,2.994,0.0588,500,1667,200,40
28,4,30,0.5,352,2.994,0.0588,500,1667,200,40
28,5,30,0.5,352,2.994,0.0588,500,1667,200,40
28,6,30,0.5,352,2.994,0.0588,500,1667,200,40
28,7,30,0.5,352,2.994,0.0588,500,1667,200,40
28,8,30,0.5,352,2.994,0.0588,500,1667,200,40
28,9,30,0.5,352,2.994,0.0588,500,1667,200,40
28,10,30,0.5,352,2.994,0.0588,500,1667,200,40
29,1,10,0.2,788,2.994,0.0588,500,1667,200,40
29,2,10,0.2,788,2.994,0.0588,500,1667,200,40
29,3,10,0.2,788,2.994,0.0588,500,1667,200,40
29,4,10,0.2,788,2.994,0.0588,500,1667,200,40
29,5,10,0.2,788,2.994,0.0588,500,1667,200,40
29,6,10,0.2,788,2.994,0.0588,500,1667,200,40
29,7,10,0.2,788,2.994,0.0588,500,1667,200,40
29,8,10,0.2,788,2.994,0.0588,500,1667,200,40
29,9,10,0.2,788,2.994,0.0588,500,1667,200,40
29,10,10,0.2,788,2.994,0.0588,500,1667,200,40
30,1,30,0.2,788,2.994,0.0588,500,1667,200,40
30,2,30,0.2,788,2.994,0.0588,500,1667,200,40
30,3,30,0.2,788,2.994,0.0588,500,1667,200,40
30,4,30,0.2,788,2.994,0.0588,500,1667,200,40
30,5,30,0.2,788,2.994,0.0588,500,1667,200,40
30,6,30,0.2,788,2.994,0.0588,500,1667,200,40
30,7,30,0.2,788,2.994,0.0588,500,1667,200,40
30,8,30,0.2,788,2.994,0.0588,500,1667,200,40
30,9,30,0.2,788,2.994,0.0588,500,1667,200,40
30,10,30,0.2,788,2.994,0.0588,500,1667,200,40
31,1,10,0.5,788,2.994,0.0588,500,1667,200,40
31,2,10,0.5,788,2.994,0.0588,500,1667,200,40
31,3,10,0.5,788,2.994,0.0588,500,1667,200,40
31,4,10,0.5,788,2.994,0.0588,500,1667,200,40
31,5,10,0.5,788,2.994,0.0588,500,1667,200,40
31,6,10,0.5,788,2.994,0.0588,500,1667,200,40
31,7,10,0.5,788,2.994,0.0588,500,1667,200,40
31,8,10,0.5,788,2.994,0.0588,500,1667,200,40
31,9,10,0.5,788,2.994,0.0588,500,1667,200,40
31,10,10,0.5,788,2.994,0.0588,500,1667,200,40
32,1,30,0.5,788,2.994,0.0588,500,1667,200,40
32,2,30,0.5,788,2.994,0.0588,500,1667,200,40
32,3,30,0.5,788,2.994,0.0588,500,1667,200,40
32,4,30,0.5,788,2.994,0.0588,500,1667,200,40
32,5,30,0.5,788,2.994,0.0588,500,1667,200,40
32,6,30,0.5,788,2.994,0.0588,500,1667,200,40
32,7,30,0.5,788,2.994,0.0588,500,1667,200,40
32,8,30,0.5,788,2.994,0.0588,500,1667,200,40
32,9,30,0.5,788,2.994,0.0588,500,1667,200,40
32,10,30,0.5,788,2.994,0.0588,500,1667,200,40
33,1,10,0.2,352,1.79,0.0593,100,2000,1800,120
33,2,10,0.2,352,1.79,0.0593,100,2000,1800,120
33,3,10,0.2,352,1.79,0.0593,100,2000,1800,120
33,4,10,0.2,352,1.79,0.0593,100,2000,1800,120
33,5,10,0.2,352,1.79,0.0593,100,2000,1800,120
33,6,10,0.2,352,1.79,0.0593,100,2000,1800,120
33,7,10,0.2,352,1.79,0.0593,100,2000,1800,120
33,8,10,0.2,352,1.79,0.0593,100,2000,1800,120
33,9,10,0.2,352,1.79,0.0593,100,2000,1800,120
33,10,10,0.2,352,1.79,0.0593,100,2000,1800,120
34,1,30,0.2,352,1.79,0.0593,100,2000,1800,120
34,2,30,0.2,352,1.79,0.0593,100,2000,1800,120
34,3,30,0.2,352,1.79,0.0593,100,2000,1800,120
34,4,30,0.2,352,1.79,0.0593,100,2000,1800,120
34,5,30,0.2,352,1.79,0.0593,100,2000,1800,120
34,6,30,0.2,352,1.79,0.0593,100,2000,1800,120
34,7,30,0.2,352,1.79,0.0593,100,2000,1800,120
34,8,30,0.2,352,1.79,0.0593,100,2000,1800,120
34,9,30,0.2,352,1.79,0.0593,100,2000,1800,120
34,10,30,0.2,352,1.79,0.0593,100,2000,1800,120
35,1,10,0.5,352,1.79,0.0593,100,2000,1800,120
35,2,10,0.5,352,1.79,0.0593,100,2000,1800,120
35,3,10,0.5,352,1.79,0.0593,100,2000,1800,120
35,4,10,0.5,352,1.79,0.0593,100,2000,1800,120
35,5,10,0.5,352,1.79,0.0593,100,2000,1800,120
35,6,10,0.5,352,1.79,0.0593,100,2000,1800,120
35,7,10,0.5,352,1.79,0.0593,100,2000,1800,120
35,8,10,0.5,352,1.79,0.0593,100,2000,1800,120
35,9,10,0.5,352,1.79,0.0593,100,2000,1800,120
35,10,10,0.5,352,1.79,0.0593,100,2000,1800,120
36,1,30,0.5,352,1.79,0.0593,100,2000,1800,120
36,2,30,0.5,352,1.79,0.0593,100,2000,1800,120
36,3,30,0.5,352,1.79,0.0593,100,2000,1800,120
36,4,30,0.5,352,1.79,0.0593,100,2000,1800,120
36,5,30,0.5,352,1.79,0.0593,100,2000,1800,120
36,6,30,0.5,352,1.79,0.0593,100,2000,1800,120
36,7,30,0.5,352,1.79,0.0593,100,2000,1800,120
36,8,30,0.5,352,1.79,0.0593,100,2000,1800,120
36,9,30,0.5,352,1.79,0.0593,100,2000,1800,120
36,10,30,0.5,352,1.79,0.0593,100,2000,1800,120
37,1,10,0.2,788,1.79,0.0593,100,2000,1800,120
37,2,10,0.2,788,1.79,0.0593,100,2000,1800,120
37,3,10,0.2,788,1.79,0.0593,100,2000,1800,120
37,4,10,0.2,788,1.79,0.0593,100,2000,1800,120
37,5,10,0.2,788,1.79,0.0593,100,2000,1800,120
37,6,10,0.2,788,1.79,0.0593,100,2000,1800,120
37,7,10,0.2,788,1.79,0.0593,100,2000,1800,120
37,8,10,0.2,788,1.79,0.0593,100,2000,1800,120
37,9,10,0.2,788,1.79,0.0593,100,2000,1800,120
37,10,10,0.2,788,1.79,0.0593,100,2000,1800,120
38,1,30,0.2,788,1.79,0.0593,100,2000,1800,120
38,2,30,0.2,788,1.79,0.0593,100,2000,1800,120
38,3,30,0.2,788,1.79,0.0593,100,2000,1800,120
38,4,30,0.2,788,1.79,0.0593,100,2000,1800,120
38,5,30,0.2,788,1.79,0.0593,100,2000,1800,120
38,6,30,0.2,788,1.79,0.0593,100,2000,1800,120
38,7,30,0.2,788,1.79,0.0593,100,2000,1800,120
38,8,30,0.2,788,1.79,0.0593,100,2000,1800,120
38,9,30,0.2,788,1.79,0.0593,100,2000,1800,120
38,10,30,0.2,788,1.79,0.0593,100,2000,1800,120
39,1,10,0.5,788,1.79,0.0593,100,2000,1800,120
39,2,10,0.5,788,1.79,0.0593,100,2000,1800,120
39,3,10,0.5,788,1.79,0.0593,100,2000,1800,120
39,4,10,0.5,788,1.79,0.0593,100,2000,1800,120
39,5,10,0.5,788,1.79,0.0593,100,2000,1800,120
39,6,10,0.5,788,1.79,0.0593,100,2000,1800,120
39,7,10,0.5,788,1.79,0.0593,100,2000,1800,120
39,8,10,0.5,788,1.79,0.0593,100,2000,1800,120
39,9,10,0.5,788,1.79,0.0593,100,2000,1800,120
39,10,10,0.5,788,1.79,0.0593,100,2000,1800,120
40,1,30,0.5,788,1.79,0.0593,100,2000,1800,120
40,2,30,0.5,788,1.79,0.0593,100,2000,1800,120
40,3,30,0.5,788,1.79,0.0593,100,2000,1800,120
40,4,30,0.5,788,1.79,0.0593,100,2000,1800,120
40,5,30,0.5,788,1.79,0.0593,100,2000,1800,120
40,6,30,0.5,788,1.79,0.0593,100,2000,1800,120
40,7,30,0.5,788,1.79,0.0593,100,2000,1800,120
40,8,30,0.5,788,1.79,0.0593,100,2000,1800,120
40,9,30,0.5,788,1.79,0.0593,100,2000,1800,120
40,10,30,0.5,788,1.79,0.0593,100,2000,1800,120
41,1,10,0.2,352,2.994,0.0588,100,2000,1800,120
41,2,10,0.2,352,2.994,0.0588,100,2000,1800,120
41,3,10,0.2,352,2.994,0.0588,100,2000,1800,120
41,4,10,0.2,352,2.994,0.0588,100,2000,1800,120
41,5,10,0.2,352,2.994,0.0588,100,2000,1800,120
41,6,10,0.2,352,2.994,0.0588,100,2000,1800,120
41,7,10,0.2,352,2.994,0.0588,100,2000,1800,120
41,8,10,0.2,352,2.994,0.0588,100,2000,1800,120
41,9,10,0.2,352,2.994,0.0588,100,2000,1800,120
41,10,10,0.2,352,2.994,0.0588,100,2000,1800,120
42,1,30,0.2,352,2.994,0.0588,100,2000,1800,120
42,2,30,0.2,352,2.994,0.0588,100,2000,1800,120
42,3,30,0.2,352,2.994,0.0588,100,2000,1800,120
42,4,30,0.2,352,2.994,0.0588,100,2000,1800,120
42,5,30,0.2,352,2.994,0.0588,100,2000,1800,120
42,6,30,0.2,352,2.994,0.0588,100,2000,1800,120
42,7,30,0.2,352,2.994,0.0588,100,2000,1800,120
42,8,30,0.2,352,2.994,0.0588,100,2000,1800,120
42,9,30,0.2,352,2.994,0.0588,100,2000,1800,120
42,10,30,0.2,352,2.994,0.0588,100,2000,1800,120
43,1,10,0.5,352,2.994,0.0588,100,2000,1800,120
43,2,10,0.5,352,2.994,0.0588,100,2000,1800,120
43,3,10,0.5,352,2.994,0.0588,100,2000,1800,120
43,4,10,0.5,352,2.994,0.0588,100,2000,1800,120
43,5,10,0.5,352,2.994,0.0588,100,2000,1800,120
43,6,10,0.5,352,2.994,0.0588,100,2000,1800,120
43,7,10,0.5,352,2.994,0.0588,100,2000,1800,120
43,8,10,0.5,352,2.994,0.0588,100,2000,1800,120
43,9,10,0.5,352,2.994,0.0588,100,2000,1800,120
43,10,10,0.5,352,2.994,0.0588,100,2000,1800,120
44,1,30,0.5,352,2.994,0.0588,100,2000,1800,120
44,2,30,0.5,352,2.994,0.0588,100,2000,1800,120
44,3,30,0.5,352,2.994,0.0588,100,2000,1800,120
44,4,30,0.5,352,2.994,0.0588,100,2000,1800,120
44,5,30,0.5,352,2.994,0.0588,100,2000,1800,120
44,6,30,0.5,352,2.994,0.0588,100,2000,1800,120
44,7,30,0.5,352,2.994,0.0588,100,2000,1800,120
44,8,30,0.5,352,2.994,0.0588,100,2000,1800,120
44,9,30,0.5,352,2.994,0.0588,100,2000,1800,120
44,10,30,0.5,352,2.994,0.0588,100,2000,1800,120
45,1,10,0.2,788,2.994,0.0588,100,2000,1800,120
45,2,10,0.2,788,2.994,0.0588,100,2000,1800,120
45,3,10,0.2,788,2.994,0.0588,100,2000,1800,120
45,4,10,0.2,788,2.994,0.0588,100,2000,1800,120
45,5,10,0.2,788,2.994,0.0588,100,2000,1800,120
45,6,10,0.2,788,2.994,0.0588,100,2000,1800,120
45,7,10,0.2,788,2.994,0.0588,100,2000,1800,120
45,8,10,0.2,788,2.994,0.0588,100,2000,1800,120
45,9,10,0.2,788,2.994,0.0588,100,2000,1800,120
45,10,10,0.2,788,2.994,0.0588,100,2000,1800,120
46,1,30,0.2,788,2.994,0.0588,100,2000,1800,120
46,2,30,0.2,788,2.994,0.0588,100,2000,1800,120
46,3,30,0.2,788,2.994,0.0588,100,2000,1800,120
46,4,30,0.2,788,2.994,0.0588,100,2000,1800,120
46,5,30,0.2,788,2.994,0.0588,100,2000,1800,120
46,6,30,0.2,788,2.994,0.0588,100,2000,1800,120
46,7,30,0.2,788,2.994,0.0588,100,2000,1800,120
46,8,30,0.2,788,2.994,0.0588,100,2000,1800,120
46,9,30,0.2,788,2.994,0.0588,100,2000,1800,120
46,10,30,0.2,788,2.994,0.0588,100,2000,1800,120
47,1,10,0.5,788,2.994,0.0588,100,2000,1800,120
47,2,10,0.5,788,2.994,0.0588,100,2000,1800,120
47,3,10,0.5,788,2.994,0.0588,100,2000,1800,120
47,4,10,0.5,788,2.994,0.0588,100,2000,1800,120
47,5,10,0.5,788,2.994,0.0588,100,2000,1800,120
47,6,10,0.5,788,2.994,0.0588,100,2000,1800,120
47,7,10,0.5,788,2.994,0.0588,100,2000,1800,120
47,8,10,0.5,788,2.994,0.0588,100,2000,1800,120
47,9,10,0.5,788,2.994,0.0588,100,2000,1800,120
47,10,10,0.5,788,2.994,0.0588,100,2000,1800,120
48,1,30,0.5,788,2.994,0.0588,100,2000,1800,120
48,2,30,0.5,788,2.994,0.0588,100,2000,1800,120
48,3,30,0.5,788,2.994,0.0588,100,2000,1800,120
48,4,30,0.5,788,2.994,0.0588,100,2000,1800,120
48,5,30,0.5,788,2.994,0.0588,100,2000,1800,120
48,6,30,0.5,788,2.994,0.0588,100,2000,1800,120
48,7,30,0.5,788,2.994,0.0588,100,2000,1800,120
48,8,30,0.5,788,2.994,0.0588,100,2000,1800,120
48,9,30,0.5,788,2.994,0.0588,100,2000,1800,120
48,10,30,0.5,788,2.994,0.0588,100,2000,1800,120
49,1,10,0.2,352,1.79,0.0593,500,1667,1800,120
49,2,10,0.2,352,1.79,0.0593,500,1667,1800,120
49,3,10,0.2,352,1.79,0.0593,500,1667,1800,120
49,4,10,0.2,352,1.79,0.0593,500,1667,1800,120
49,5,10,0.2,352,1.79,0.0593,500,1667,1800,120
49,6,10,0.2,352,1.79,0.0593,500,1667,1800,120
49,7,10,0.2,352,1.79,0.0593,500,1667,1800,120
49,8,10,0.2,352,1.79,0.0593,500,1667,1800,120
49,9,10,0.2,352,1.79,0.0593,500,1667,1800,120
49,10,10,0.2,352,1.79,0.0593,500,1667,1800,120
50,1,30,0.2,352,1.79,0.0593,500,1667,1800,120
50,2,30,0.2,352,1.79,0.0593,500,1667,1800,120
50,3,30,0.2,352,1.79,0.0593,500,1667,1800,120
50,4,30,0.2,352,1.79,0.0593,500,1667,1800,120
50,5,30,0.2,352,1.79,0.0593,500,1667,1800,120
50,6,30,0.2,352,1.79,0.0593,500,1667,1800,120
50,7,30,0.2,352,1.79,0.0593,500,1667,1800,120
50,8,30,0.2,352,1.79,0.0593,500,1667,1800,120
50,9,30,0.2,352,1.79,0.0593,500,1667,1800,120
50,10,30,0.2,352,1.79,0.0593,500,1667,1800,120
51,1,10,0.5,352,1.79,0.0593,500,1667,1800,120
51,2,10,0.5,352,1.79,0.0593,500,1667,1800,120
51,3,10,0.5,352,1.79,0.0593,500,1667,1800,120
51,4,10,0.5,352,1.79,0.0593,500,1667,1800,120
51,5,10,0.5,352,1.79,0.0593,500,1667,1800,120
51,6,10,0.5,352,1.79,0.0593,500,1667,1800,120
51,7,10,0.5,352,1.79,0.0593,500,1667,1800,120
51,8,10,0.5,352,1.79,0.0593,500,1667,1800,120
51,9,10,0.5,352,1.79,0.0593,500,1667,1800,120
51,10,10,0.5,352,1.79,0.0593,500,1667,1800,120
52,1,30,0.5,352,1.79,0.0593,500,1667,1800,120
52,2,30,0.5,352,1.79,0.0593,500,1667,1800,120
52,3,30,0.5,352,1.79,0.0593,500,1667,1800,120
52,4,30,0.5,352,1.79,0.0593,500,1667,1800,120
52,5,30,0.5,352,1.79,0.0593,500,1667,1800,120
52,6,30,0.5,352,1.79,0.0593,500,1667,1800,120
52,7,30,0.5,352,1.79,0.0593,500,1667,1800,120
52,8,30,0.5,352,1.79,0.0593,500,1667,1800,120
52,9,30,0.5,352,1.79,0.0593,500,1667,1800,120
52,10,30,0.5,352,1.79,0.0593,500,1667,1800,120
53,1,10,0.2,788,1.79,0.0593,500,1667,1800,120
53,2,10,0.2,788,1.79,0.0593,500,1667,1800,120
53,3,10,0.2,788,1.79,0.0593,500,1667,1800,120
53,4,10,0.2,788,1.79,0.0593,500,1667,1800,120
53,5,10,0.2,788,1.79,0.0593,500,1667,1800,120
53,6,10,0.2,788,1.79,0.0593,500,1667,1800,120
53,7,10,0.2,788,1.79,0.0593,500,1667,1800,120
53,8,10,0.2,788,1.79,0.0593,500,1667,1800,120
53,9,10,0.2,788,1.79,0.0593,500,1667,1800,120
53,10,10,0.2,788,1.79,0.0593,500,1667,1800,120
54,1,30,0.2,788,1.79,0.0593,500,1667,1800,120
54,2,30,0.2,788,1.79,0.0593,500,1667,1800,120
54,3,30,0.2,788,1.79,0.0593,500,1667,1800,120
54,4,30,0.2,788,1.79,0.0593,500,1667,1800,120
54,5,30,0.2,788,1.79,0.0593,500,1667,1800,120
54,6,30,0.2,788,1.79,0.0593,500,1667,1800,120
54,7,30,0.2,788,1.79,0.0593,500,1667,1800,120
54,8,30,0.2,788,1.79,0.0593,500,1667,1800,120
54,9,30,0.2,788,1.79,0.0593,500,1667,1800,120
54,10,30,0.2,788,1.79,0.0593,500,1667,1800,120
55,1,10,0.5,788,1.79,0.0593,500,1667,1800,120
55,2,10,0.5,788,1.79,0.0593,500,1667,1800,120
55,3,10,0.5,788,1.79,0.0593,500,1667,1800,120
55,4,10,0.5,788,1.79,0.0593,500,1667,1800,120
55,5,10,0.5,788,1.79,0.0593,500,1667,1800,120
55,6,10,0.5,788,1.79,0.0593,500,1667,1800,120
55,7,10,0.5,788,1.79,0.0593,500,1667,1800,120
55,8,10,0.5,788,1.79,0.0593,500,1667,1800,120
55,9,10,0.5,788,1.79,0.0593,500,1667,1800,120
55,10,10,0.5,788,1.79,0.0593,500,1667,1800,120
56,1,30,0.5,788,1.79,0.0593,500,1667,1800,120
56,2,30,0.5,788,1.79,0.0593,500,1667,1800,120
56,3,30,0.5,788,1.79,0.0593,500,1667,1800,120
56,4,30,0.5,788,1.79,0.0593,500,1667,1800,120
56,5,30,0.5,788,1.79,0.0593,500,1667,1800,120
56,6,30,0.5,788,1.79,0.0593,500,1667,1800,120
56,7,30,0.5,788,1.79,0.0593,500,1667,1800,120
56,8,30,0.5,788,1.79,0.0593,500,1667,1800,120
56,9,30,0.5,788,1.79,0.0593,500,1667,1800,120
56,10,30,0.5,788,1.79,0.0593,500,1667,1800,120
57,1,10,0.2,352,2.994,0.0588,500,1667,1800,120
57,2,10,0.2,352,2.994,0.0588,500,1667,1800,120
57,3,10,0.2,352,2.994,0.0588,500,1667,1800,120
57,4,10,0.2,352,2.994,0.0588,500,1667,1800,120
57,5,10,0.2,352,2.994,0.0588,500,1667,1800,120
57,6,10,0.2,352,2.994,0.0588,500,1667,1800,120
57,7,10,0.2,352,2.994,0.0588,500,1667,1800,120
57,8,10,0.2,352,2.994,0.0588,500,1667,1800,120
57,9,10,0.2,352,2.994,0.0588,500,1667,1800,120
57,10,10,0.2,352,2.994,0.0588,500,1667,1800,120
58,1,30,0.2,352,2.994,0.0588,500,1667,1800,120
58,2,30,0.2,352,2.994,0.0588,500,1667,1800,120
58,3,30,0.2,352,2.994,0.0588,500,1667,1800,120
58,4,30,0.2,352,2.994,0.0588,500,1667,1800,120
58,5,30,0.2,352,2.994,0.0588,500,1667,1800,120
58,6,30,0.2,352,2.994,0.0588,500,1667,1800,120
58,7,30,0.2,352,2.994,0.0588,500,1667,1800,120
58,8,30,0.2,352,2.994,0.0588,500,1667,1800,120
58,9,30,0.2,352,2.994,0.0588,500,1667,1800,120
58,10,30,0.2,352,2.994,0.0588,500,1667,1800,120
59,1,10,0.5,352,2.994,0.0588,500,1667,1800,120
59,2,10,0.5,352,2.994,0.0588,500,1667,1800,120
59,3,10,0.5,352,2.994,0.0588,500,1667,1800,120
59,4,10,0.5,352,2.994,0.0588,500,1667,1800,120
59,5,10,0.5,352,2.994,0.0588,500,1667,1800,120
59,6,10,0.5,352,2.994,0.0588,500,1667,1800,120
59,7,10,0.5,352,2.994,0.0588,500,1667,1800,120
59,8,10,0.5,352,2.994,0.0588,500,1667,1800,120
59,9,10,0.5,352,2.994,0.0588,500,1667,1800,120
59,10,10,0.5,352,2.994,0.0588,500,1667,1800,120
60,1,30,0.5,352,2.994,0.0588,500,1667,1800,120
60,2,30,0.5,352,2.994,0.0588,500,1667,1800,120
60,3,30,0.5,352,2.994,0.0588,500,1667,1800,120
60,4,30,0.5,352,2.994,0.0588,500,1667,1800,120
60,5,30,0.5,352,2.994,0.0588,500,1667,1800,120
60,6,30,0.5,352,2.994,0.0588,500,1667,1800,120
60,7,30,0.5,352,2.994,0.0588,500,1667,1800,120
60,8,30,0.5,352,2.994,0.0588,500,1667,1800,120
60,9,30,0.5,352,2.994,0.0588,500,1667,1800,120
60,10,30,0.5,352,2.994,0.0588,500,1667,1800,120
61,1,10,0.2,788,2.994,0.0588,500,1667,1800,120
61,2,10,0.2,788,2.994,0.0588,500,1667,1800,120
61,3,10,0.2,788,2.994,0.0588,500,1667,1800,120
61,4,10,0.2,788,2.994,0.0588,500,1667,1800,120
61,5,10,0.2,788,2.994,0.0588,500,1667,1800,120
61,6,10,0.2,788,2.994,0.0588,500,1667,1800,120
61,7,10,0.2,788,2.994,0.0588,500,1667,1800,120
61,8,10,0.2,788,2.994,0.0588,500,1667,1800,120
61,9,10,0.2,788,2.994,0.0588,500,1667,1800,120
61,10,10,0.2,788,2.994,0.0588,500,1667,1800,120
62,1,30,0.2,788,2.994,0.0588,500,1667,1800,120
62,2,30,0.2,788,2.994,0.0588,500,1667,1800,120
62,3,30,0.2,788,2.994,0.0588,500,1667,1800,120
62,4,30,0.2,788,2.994,0.0588,500,1667,1800,120
62,5,30,0.2,788,2.994,0.0588,500,1667,1800,120
62,6,30,0.2,788,2.994,0.0588,500,1667,1800,120
62,7,30,0.2,788,2.994,0.0588,500,1667,1800,120
62,8,30,0.2,788,2.994,0.0588,500,1667,1800,120
62,9,30,0.2,788,2.994,0.0588,500,1667,1800,120
62,10,30,0.2,788,2.994,0.0588,500,1667,1800,120
63,1,10,0.5,788,2.994,0.0588,500,1667,1800,120
63,2,10,0.5,788,2.994,0.0588,500,1667,1800,120
63,3,10,0.5,788,2.994,0.0588,500,1667,1800,120
63,4,10,0.5,788,2.994,0.0588,500,1667,1800,120
63,5,10,0.5,788,2.994,0.0588,500,1667,1800,120
63,6,10,0.5,788,2.994,0.0588,500,1667,1800,120
63,7,10,0.5,788,2.994,0.0588,500,1667,1800,120
63,8,10,0.5,788,2.994,0.0588,500,1667,1800,120
63,9,10,0.5,788,2.994,0.0588,500,1667,1800,120
63,10,10,0.5,788,2.994,0.0588,500,1667,1800,120
64,1,30,0.5,788,2.994,0.0588,500,1667,1800,120
64,2,30,0.5,788,2.994,0.0588,500,1667,1800,120
64,3,30,0.5,788,2.994,0.0588,500,1667,1800,120
64,4,30,0.5,788,2.994,0.0588,500,1667,1800,120
64,5,30,0.5,788,2.994,0.0588,500,1667,1800,120
64,6,30,0.5,788,2.994,0.0588,500,1667,1800,120
64,7,30,0.5,788,2.994,0.0588,500,1667,1800,120
64,8,30,0.5,788,2.994,0.0588,500,1667,1800,120
64,9,30,0.5,788,2.994,0.0588,500,1667,1800,120
64,10,30,0.5,788,2.994,0.0588,500,1667,1800,120
65,1,10,0.2,352,1.75,0.289,5,100,10,2
65,2,10,0.2,352,1.75,0.289,5,100,10,2
65,3,10,0.2,352,1.75,0.289,5,100,10,2
65,4,10,0.2,352,1.75,0.289,5,100,10,2
65,5,10,0.2,352,1.75,0.289,5,100,10,2
65,6,10,0.2,352,1.75,0.289,5,100,10,2
65,7,10,0.2,352,1.75,0.289,5,100,10,2
65,8,10,0.2,352,1.75,0.289,5,100,10,2
65,9,10,0.2,352,1.75,0.289,5,100,10,2
65,10,10,0.2,352,1.75,0.289,5,100,10,2
66,1,30,0.2,352,1.75,0.289,5,100,10,2
66,2,30,0.2,352,1.75,0.289,5,100,10,2
66,3,30,0.2,352,1.75,0.289,5,100,10,2
66,4,30,0.2,352,1.75,0.289,5,100,10,2
66,5,30,0.2,352,1.75,0.289,5,100,10,2
66,6,30,0.2,352,1.75,0.289,5,100,10,2
66,7,30,0.2,352,1.75,0.289,5,100,10,2
66,8,30,0.2,352,1.75,0.289,5,100,10,2
66,9,30,0.2,352,1.75,0.289,5,100,10,2
66,10,30,0.2,352,1.75,0.289,5,100,10,2
67,1,10,0.5,352,1.75,0.289,5,100,10,2
67,2,10,0.5,352,1.75,0.289,5,100,10,2
67,3,10,0.5,352,1.75,0.289,5,100,10,2
67,4,10,0.5,352,1.75,0.289,5,100,10,2
67,5,10,0.5,352,1.75,0.289,5,100,10,2
67,6,10,0.5,352,1.75,0.289,5,100,10,2
67,7,10,0.5,352,1.75,0.289,5,100,10,2
67,8,10,0.5,352,1.75,0.289,5,100,10,2
67,9,10,0.5,352,1.75,0.289,5,100,10,2
67,10,10,0.5,352,1.75,0.289,5,100,10,2
68,1,30,0.5,352,1.75,0.289,5,100,10,2
68,2,30,0.5,352,1.75,0.289,5,100,10,2
68,3,30,0.5,352,1.75,0.289,5,100,10,2
68,4,30,0.5,352,1.75,0.289,5,100,10,2
68,5,30,0.5,352,1.75,0.289,5,100,10,2
68,6,30,0.5,352,1.75,0.289,5,100,10,2
68,7,30,0.5,352,1.75,0.289,5,100,10,2
68,8,30,0.5,352,1.75,0.289,5,100,10,2
68,9,30,0.5,352,1.75,0.289,5,100,10,2
68,10,30,0.5,352,1.75,0.289,5,100,10,2
69,1,10,0.2,788,1.75,0.289,5,100,10,2
69,2,10,0.2,788,1.75,0.289,5,100,10,2
69,3,10,0.2,788,1.75,0.289,5,100,10,2
69,4,10,0.2,788,1.75,0.289,5,100,10,2
69,5,10,0.2,788,1.75,0.289,5,100,10,2
69,6,10,0.2,788,1.75,0.289,5,100,10,2
69,7,10,0.2,788,1.75,0.289,5,100,10,2
69,8,10,0.2,788,1.75,0.289,5,100,10,2
69,9,10,0.2,788,1.75,0.289,5,100,10,2
69,10,10,0.2,788,1.75,0.289,5,100,10,2
70,1,30,0.2,788,1.75,0.289,5,100,10,2
70,2,30,0.2,788,1.75,0.289,5,100,10,2
70,3,30,0.2,788,1.75,0.289,5,100,10,2
70,4,30,0.2,788,1.75,0.289,5,100,10,2
70,5,30,0.2,788,1.75,0.289,5,100,10,2
70,6,30,0.2,788,1.75,0.289,5,100,10,2
70,7,30,0.2,788,1.75,0.289,5,100,10,2
70,8,30,0.2,788,1.75,0.289,5,100,10,2
70,9,30,0.2,788,1.75,0.289,5,100,10,2
70,10,30,0.2,788,1.75,0.289,5,100,10,2
71,1,10,0.5,788,1.75,0.289,5,100,10,2
71,2,10,0.5,788,1.75,0.289,5,100,10,2
71,3,10,0.5,788,1.75,0.289,5,100,10,2
71,4,10,0.5,788,1.75,0.289,5,100,10,2
71,5,10,0.5,788,1.75,0.289,5,100,10,2
71,6,10,0.5,788,1.75,0.289,5,100,10,2
71,7,10,0.5,788,1.75,0.289,5,100,10,2
71,8,10,0.5,788,1.75,0.289,5,100,10,2
71,9,10,0.5,788,1.75,0.289,5,100,10,2
71,10,10,0.5,788,1.75,0.289,5,100,10,2
72,1,30,0.5,788,1.75,0.289,5,100,10,2
72,2,30,0.5,788,1.75,0.289,5,100,10,2
72,3,30,0.5,788,1.75,0.289,5,100,10,2
72,4,30,0.5,788,1.75,0.289,5,100,10,2
72,5,30,0.5,788,1.75,0.289,5,100,10,2
72,6,30,0.5,788,1.75,0.289,5,100,10,2
72,7,30,0.5,788,1.75,0.289,5,100,10,2
72,8,30,0.5,788,1.75,0.289,5,100,10,2
72,9,30,0.5,788,1.75,0.289,5,100,10,2
72,10,30,0.5,788,1.75,0.289,5,100,10,2
73,1,10,0.2,352,2.954,0.2889,5,100,10,2
73,2,10,0.2,352,2.954,0.2889,5,100,10,2
73,3,10,0.2,352,2.954,0.2889,5,100,10,2
73,4,10,0.2,352,2.954,0.2889,5,100,10,2
73,5,10,0.2,352,2.954,0.2889,5,100,10,2
73,6,10,0.2,352,2.954,0.2889,5,100,10,2
73,7,10,0.2,352,2.954,0.2889,5,100,10,2
73,8,10,0.2,352,2.954,0.2889,5,100,10,2
73,9,10,0.2,352,2.954,0.2889,5,100,10,2
73,10,10,0.2,352,2.954,0.2889,5,100,10,2
74,1,30,0.2,352,2.954,0.2889,5,100,10,2
74,2,30,0.2,352,2.954,0.2889,5,100,10,2
74,3,30,0.2,352,2.954,0.2889,5,100,10,2
74,4,30,0.2,352,2.954,0.2889,5,100,10,2
74,5,30,0.2,352,2.954,0.2889,5,100,10,2
74,6,30,0.2,352,2.954,0.2889,5,100,10,2
74,7,30,0.2,352,2.954,0.2889,5,100,10,2
74,8,30,0.2,352,2.954,0.2889,5,100,10,2
74,9,30,0.2,352,2.954,0.2889,5,100,10,2
74,10,30,0.2,352,2.954,0.2889,5,100,10,2
75,1,10,0.5,352,2.954,0.2889,5,100,10,2
75,2,10,0.5,352,2.954,0.2889,5,100,10,2
75,3,10,0.5,352,2.954,0.2889,5,100,10,2
75,4,10,0.5,352,2.954,0.2889,5,100,10,2
75,5,10,0.5,352,2.954,0.2889,5,100,10,2
75,6,10,0.5,352,2.954,0.2889,5,100,10,2
75,7,10,0.5,352,2.954,0.2889,5,100,10,2
75,8,10,0.5,352,2.954,0.2889,5,100,10,2
75,9,10,0.5,352,2.954,0.2889,5,100,10,2
75,10,10,0.5,352,2.954,0.2889,5,100,10,2
76,1,30,0.5,352,2.954,0.2889,5,100,10,2
76,2,30,0.5,352,2.954,0.2889,5,100,10,2
76,3,30,0.5,352,2.954,0.2889,5,100,10,2
76,4,30,0.5,352,2.954,0.2889,5,100,10,2
76,5,30,0.5,352,2.954,0.2889,5,100,10,2
76,6,30,0.5,352,2.954,0.2889,5,100,10,2
76,7,30,0.5,352,2.954,0.2889,5,100,10,2
76,8,30,0.5,352,2.954,0.2889,5,100,10,2
76,9,30,0.5,352,2.954,0.2889,5,100,10,2
76,10,30,0.5,352,2.954,0.2889,5,100,10,2
77,1,10,0.2,788,2.954,0.2889,5,100,10,2
77,2,10,0.2,788,2.954,0.2889,5,100,10,2
77,3,10,0.2,788,2.954,0.2889,5,100,10,2
77,4,10,0.2,788,2.954,0.2889,5,100,10,2
77,5,10,0.2,788,2.954,0.2889,5,100,10,2
77,6,10,0.2,788,2.954,0.2889,5,100,10,2
77,7,10,0.2,788,2.954,0.2889,5,100,10,2
77,8,10,0.2,788,2.954,0.2889,5,100,10,2
77,9,10,0.2,788,2.954,0.2889,5,100,10,2
77,10,10,0.2,788,2.954,0.2889,5,100,10,2
78,1,30,0.2,788,2.954,0.2889,5,100,10,2
78,2,30,0.2,788,2.954,0.2889,5,100,10,2
78,3,30,0.2,788,2.954,0.2889,5,100,10,2
78,4,30,0.2,788,2.954,0.2889,5,100,10,2
78,5,30,0.2,788,2.954,0.2889,5,100,10,2
78,6,30,0.2,788,2.954,0.2889,5,100,10,2
78,7,30,0.2,788,2.954,0.2889,5,100,10,2
78,8,30,0.2,788,2.954,0.2889,5,100,10,2
78,9,30,0.2,788,2.954,0.2889,5,100,10,2
78,10,30,0.2,788,2.954,0.2889,5,100,10,2
79,1,10,0.5,788,2.954,0.2889,5,100,10,2
79,2,10,0.5,788,2.954,0.2889,5,100,10,2
79,3,10,0.5,788,2.954,0.2889,5,100,10,2
79,4,10,0.5,788,2.954,0.2889,5,100,10,2
79,5,10,0.5,788,2.954,0.2889,5,100,10,2
79,6,10,0.5,788,2.954,0.2889,5,100,10,2
79,7,10,0.5,788,2.954,0.2889,5,100,10,2
79,8,10,0.5,788,2.954,0.2889,5,100,10,2
79,9,10,0.5,788,2.954,0.2889,5,100,10,2
79,10,10,0.5,788,2.954,0.2889,5,100,10,2
80,1,30,0.5,788,2.954,0.2889,5,100,10,2
80,2,30,0.5,788,2.954,0.2889,5,100,10,2
80,3,30,0.5,788,2.954,0.2889,5,100,10,2
80,4,30,0.5,788,2.954,0.2889,5,100,10,2
80,5,30,0.5,788,2.954,0.2889,5,100,10,2
80,6,30,0.5,788,2.954,0.2889,5,100,10,2
80,7,30,0.5,788,2.954,0.2889,5,100,10,2
80,8,30,0.5,788,2.954,0.2889,5,100,10,2
80,9,30,0.5,788,2.954,0.2889,5,100,10,2
80,10,30,0.5,788,2.954,0.2889,5,100,10,2
81,1,10,0.2,352,1.75,0.289,30,100,10,2
81,2,10,0.2,352,1.75,0.289,30,100,10,2
81,3,10,0.2,352,1.75,0.289,30,100,10,2
81,4,10,0.2,352,1.75,0.289,30,100,10,2
81,5,10,0.2,352,1.75,0.289,30,100,10,2
81,6,10,0.2,352,1.75,0.289,30,100,10,2
81,7,10,0.2,352,1.75,0.289,30,100,10,2
81,8,10,0.2,352,1.75,0.289,30,100,10,2
81,9,10,0.2,352,1.75,0.289,30,100,10,2
81,10,10,0.2,352,1.75,0.289,30,100,10,2
82,1,30,0.2,352,1.75,0.289,30,100,10,2
82,2,30,0.2,352,1.75,0.289,30,100,10,2
82,3,30,0.2,352,1.75,0.289,30,100,10,2
82,4,30,0.2,352,1.75,0.289,30,100,10,2
82,5,30,0.2,352,1.75,0.289,30,100,10,2
82,6,30,0.2,352,1.75,0.289,30,100,10,2
82,7,30,0.2,352,1.75,0.289,30,100,10,2
82,8,30,0.2,352,1.75,0.289,30,100,10,2
82,9,30,0.2,352,1.75,0.289,30,100,10,2
82,10,30,0.2,352,1.75,0.289,30,100,10,2
83,1,10,0.5,352,1.75,0.289,30,100,10,2
83,2,10,0.5,352,1.75,0.289,30,100,10,2
83,3,10,0.5,352,1.75,0.289,30,100,10,2
83,4,10,0.5,352,1.75,0.289,30,100,10,2
83,5,10,0.5,352,1.75,0.289,30,100,10,2
83,6,10,0.5,352,1.75,0.289,30,100,10,2
83,7,10,0.5,352,1.75,0.289,30,100,10,2
83,8,10,0.5,352,1.75,0.289,30,100,10,2
83,9,10,0.5,352,1.75,0.289,30,100,10,2
83,10,10,0.5,352,1.75,0.289,30,100,10,2
84,1,30,0.5,352,1.75,0.289,30,100,10,2
84,2,30,0.5,352,1.75,0.289,30,100,10,2
84,3,30,0.5,352,1.75,0.289,30,100,10,2
84,4,30,0.5,352,1.75,0.289,30,100,10,2
84,5,30,0.5,352,1.75,0.289,30,100,10,2
84,6,30,0.5,352,1.75,0.289,30,100,10,2
84,7,30,0.5,352,1.75,0.289,30,100,10,2
84,8,30,0.5,352,1.75,0.289,30,100,10,2
84,9,30,0.5,352,1.75,0.289,30,100,10,2
84,10,30,0.5,352,1.75,0.289,30,100,10,2
85,1,10,0.2,788,1.75,0.289,30,100,10,2
85,2,10,0.2,788,1.75,0.289,30,100,10,2
85,3,10,0.2,788,1.75,0.289,30,100,10,2
85,4,10,0.2,788,1.75,0.289,30,100,10,2
85,5,10,0.2,788,1.75,0.289,30,100,10,2
85,6,10,0.2,788,1.75,0.289,30,100,10,2
85,7,10,0.2,788,1.75,0.289,30,100,10,2
85,8,10,0.2,788,1.75,0.289,30,100,10,2
85,9,10,0.2,788,1.75,0.289,30,100,10,2
85,10,10,0.2,788,1.75,0.289,30,100,10,2
86,1,30,0.2,788,1.75,0.289,30,100,10,2
86,2,30,0.2,788,1.75,0.289,30,100,10,2
86,3,30,0.2,788,1.75,0.289,30,100,10,2
86,4,30,0.2,788,1.75,0.289,30,100,10,2
86,5,30,0.2,788,1.75,0.289,30,100,10,2
86,6,30,0.2,788,1.75,0.289,30,100,10,2
86,7,30,0.2,788,1.75,0.289,30,100,10,2
86,8,30,0.2,788,1.75,0.289,30,100,10,2
86,9,30,0.2,788,1.75,0.289,30,100,10,2
86,10,30,0.2,788,1.75,0.289,30,100,10,2
87,1,10,0.5,788,1.75,0.289,30,100,10,2
87,2,10,0.5,788,1.75,0.289,30,100,10,2
87,3,10,0.5,788,1.75,0.289,30,100,10,2
87,4,10,0.5,788,1.75,0.289,30,100,10,2
87,5,10,0.5,788,1.75,0.289,30,100,10,2
87,6,10,0.5,788,1.75,0.289,30,100,10,2
87,7,10,0.5,788,1.75,0.289,30,100,10,2
87,8,10,0.5,788,1.75,0.289,30,100,10,2
87,9,10,0.5,788,1.75,0.289,30,100,10,2
87,10,10,0.5,788,1.75,0.289,30,100,10,2
88,1,30,0.5,788,1.75,0.289,30,100,10,2
88,2,30,0.5,788,1.75,0.289,30,100,10,2
88,3,30,0.5,788,1.75,0.289,30,100,10,2
88,4,30,0.5,788,1.75,0.289,30,100,10,2
88,5,30,0.5,788,1.75,0.289,30,100,10,2
88,6,30,0.5,788,1.75,0.289,30,100,10,2
88,7,30,0.5,788,1.75,0.289,30,100,10,2
88,8,30,0.5,788,1.75,0.289,30,100,10,2
88,9,30,0.5,788,1.75,0.289,30,100,10,2
88,10,30,0.5,788,1.75,0.289,30,100,10,2
89,1,10,0.2,352,2.954,0.2889,30,100,10,2
89,2,10,0.2,352,2.954,0.2889,30,100,10,2
89,3,10,0.2,352,2.954,0.2889,30,100,10,2
89,4,10,0.2,352,2.954,0.2889,30,100,10,2
89,5,10,0.2,352,2.954,0.2889,30,100,10,2
89,6,10,0.2,352,2.954,0.2889,30,100,10,2
89,7,10,0.2,352,2.954,0.2889,30,100,10,2
89,8,10,0.2,352,2.954,0.2889,30,100,10,2
89,9,10,0.2,352,2.954,0.2889,30,100,10,2
89,10,10,0.2,352,2.954,0.2889,30,100,10,2
90,1,30,0.2,352,2.954,0.2889,30,100,10,2
90,2,30,0.2,352,2.954,0.2889,30,100,10,2
90,3,30,0.2,352,2.954,0.2889,30,100,10,2
90,4,30,0.2,352,2.954,0.2889,30,100,10,2
90,5,30,0.2,352,2.954,0.2889,30,100,10,2
90,6,30,0.2,352,2.954,0.2889,30,100,10,2
90,7,30,0.2,352,2.954,0.2889,30,100,10,2
90,8,30,0.2,352,2.954,0.2889,30,100,10,2
90,9,30,0.2,352,2.954,0.2889,30,100,10,2
90,10,30,0.2,352,2.954,0.2889,30,100,10,2
91,1,10,0.5,352,2.954,0.2889,30,100,10,2
91,2,10,0.5,352,2.954,0.2889,30,100,10,2
91,3,10,0.5,352,2.954,0.2889,30,100,10,2
91,4,10,0.5,352,2.954,0.2889,30,100,10,2
91,5,10,0.5,352,2.954,0.2889,30,100,10,2
91,6,10,0.5,352,2.954,0.2889,30,100,10,2
91,7,10,0.5,352,2.954,0.2889,30,100,10,2
91,8,10,0.5,352,2.954,0.2889,30,100,10,2
91,9,10,0.5,352,2.954,0.2889,30,100,10,2
91,10,10,0.5,352,2.954,0.2889,30,100,10,2
92,1,30,0.5,352,2.954,0.2889,30,100,10,2
92,2,30,0.5,352,2.954,0.2889,30,100,10,2
92,3,30,0.5,352,2.954,0.2889,30,100,10,2
92,4,30,0.5,352,2.954,0.2889,30,100,10,2
92,5,30,0.5,352,2.954,0.2889,30,100,10,2
92,6,30,0.5,352,2.954,0.2889,30,100,10,2
92,7,30,0.5,352,2.954,0.2889,30,100,10,2
92,8,30,0.5,352,2.954,0.2889,30,100,10,2
92,9,30,0.5,352,2.954,0.2889,30,100,10,2
92,10,30,0.5,352,2.954,0.2889,30,100,10,2
93,1,10,0.2,788,2.954,0.2889,30,100,10,2
93,2,10,0.2,788,2.954,0.2889,30,100,10,2
93,3,10,0.2,788,2.954,0.2889,30,100,10,2
93,4,10,0.2,788,2.954,0.2889,30,100,10,2
93,5,10,0.2,788,2.954,0.2889,30,100,10,2
93,6,10,0.2,788,2.954,0.2889,30,100,10,2
93,7,10,0.2,788,2.954,0.2889,30,100,10,2
93,8,10,0.2,788,2.954,0.2889,30,100,10,2
93,9,10,0.2,788,2.954,0.2889,30,100,10,2
93,10,10,0.2,788,2.954,0.2889,30,100,10,2
94,1,30,0.2,788,2.954,0.2889,30,100,10,2
94,2,30,0.2,788,2.954,0.2889,30,100,10,2
94,3,30,0.2,788,2.954,0.2889,30,100,10,2
94,4,30,0.2,788,2.954,0.2889,30,100,10,2
94,5,30,0.2,788,2.954,0.2889,30,100,10,2
94,6,30,0.2,788,2.954,0.2889,30,100,10,2
94,7,30,0.2,788,2.954,0.2889,30,100,10,2
94,8,30,0.2,788,2.954,0.2889,30,100,10,2
94,9,30,0.2,788,2.954,0.2889,30,100,10,2
94,10,30,0.2,788,2.954,0.2889,30,100,10,2
95,1,10,0.5,788,2.954,0.2889,30,100,10,2
95,2,10,0.5,788,2.954,0.2889,30,100,10,2
95,3,10,0.5,788,2.954,0.2889,30,100,10,2
95,4,10,0.5,788,2.954,0.2889,30,100,10,2
95,5,10,0.5,788,2.954,0.2889,30,100,10,2
95,6,10,0.5,788,2.954,0.2889,30,100,10,2
95,7,10,0.5,788,2.954,0.2889,30,100,10,2
95,8,10,0.5,788,2.954,0.2889,30,100,10,2
95,9,10,0.5,788,2.954,0.2889,30,100,10,2
95,10,10,0.5,788,2.954,0.2889,30,100,10,2
96,1,30,0.5,788,2.954,0.2889,30,100,10,2
96,2,30,0.5,788,2.954,0.2889,30,100,10,2
96,3,30,0.5,788,2.954,0.2889,30,100,10,2
96,4,30,0.5,788,2.954,0.2889,30,100,10,2
96,5,30,0.5,788,2.954,0.2889,30,100,10,2
96,6,30,0.5,788,2.954,0.2889,30,100,10,2
96,7,30,0.5,788,2.954,0.2889,30,100,10,2
96,8,30,0.5,788,2.954,0.2889,30,100,10,2
96,9,30,0.5,788,2.954,0.2889,30,100,10,2
96,10,30,0.5,788,2.954,0.2889,30,100,10,2
97,1,10,0.2,352,1.75,0.289,5,100,90,6
97,2,10,0.2,352,1.75,0.289,5,100,90,6
97,3,10,0.2,352,1.75,0.289,5,100,90,6
97,4,10,0.2,352,1.75,0.289,5,100,90,6
97,5,10,0.2,352,1.75,0.289,5,100,90,6
97,6,10,0.2,352,1.75,0.289,5,100,90,6
97,7,10,0.2,352,1.75,0.289,5,100,90,6
97,8,10,0.2,352,1.75,0.289,5,100,90,6
97,9,10,0.2,352,1.75,0.289,5,100,90,6
97,10,10,0.2,352,1.75,0.289,5,100,90,6
98,1,30,0.2,352,1.75,0.289,5,100,90,6
98,2,30,0.2,352,1.75,0.289,5,100,90,6
98,3,30,0.2,352,1.75,0.289,5,100,90,6
98,4,30,0.2,352,1.75,0.289,5,100,90,6
98,5,30,0.2,352,1.75,0.289,5,100,90,6
98,6,30,0.2,352,1.75,0.289,5,100,90,6
98,7,30,0.2,352,1.75,0.289,5,100,90,6
98,8,30,0.2,352,1.75,0.289,5,100,90,6
98,9,30,0.2,352,1.75,0.289,5,100,90,6
98,10,30,0.2,352,1.75,0.289,5,100,90,6
99,1,10,0.5,352,1.75,0.289,5,100,90,6
99,2,10,0.5,352,1.75,0.289,5,100,90,6
99,3,10,0.5,352,1.75,0.289,5,100,90,6
99,4,10,0.5,352,1.75,0.289,5,100,90,6
99,5,10,0.5,352,1.75,0.289,5,100,90,6
99,6,10,0.5,352,1.75,0.289,5,100,90,6
99,7,10,0.5,352,1.75,0.289,5,100,90,6
99,8,10,0.5,352,1.75,0.289,5,100,90,6
99,9,10,0.5,352,1.75,0.289,5,100,90,6
99,10,10,0.5,352,1.75,0.289,5,100,90,6
100,1,30,0.5,352,1.75,0.289,5,100,90,6
100,2,30,0.5,352,1.75,0.289,5,100,90,6
100,3,30,0.5,352,1.75,0.289,5,100,90,6
100,4,30,0.5,352,1.75,0.289,5,100,90,6
100,5,30,0.5,352,1.75,0.289,5,100,90,6
100,6,30,0.5,352,1.75,0.289,5,100,90,6
100,7,30,0.5,352,1.75,0.289,5,100,90,6
100,8,30,0.5,352,1.75,0.289,5,100,90,6
100,9,30,0.5,352,1.75,0.289,5,100,90,6
100,10,30,0.5,352,1.75,0.289,5,100,90,6
101,1,10,0.2,788,1.75,0.289,5,100,90,6
101,2,10,0.2,788,1.75,0.289,5,100,90,6
101,3,10,0.2,788,1.75,0.289,5,100,90,6
101,4,10,0.2,788,1.75,0.289,5,100,90,6
101,5,10,0.2,788,1.75,0.289,5,100,90,6
101,6,10,0.2,788,1.75,0.289,5,100,90,6
101,7,10,0.2,788,1.75,0.289,5,100,90,6
101,8,10,0.2,788,1.75,0.289,5,100,90,6
101,9,10,0.2,788,1.75,0.289,5,100,90,6
101,10,10,0.2,788,1.75,0.289,5,100,90,6
102,1,30,0.2,788,1.75,0.289,5,100,90,6
102,2,30,0.2,788,1.75,0.289,5,100,90,6
102,3,30,0.2,788,1.75,0.289,5,100,90,6
102,4,30,0.2,788,1.75,0.289,5,100,90,6
102,5,30,0.2,788,1.75,0.289,5,100,90,6
102,6,30,0.2,788,1.75,0.289,5,100,90,6
102,7,30,0.2,788,1.75,0.289,5,100,90,6
102,8,30,0.2,788,1.75,0.289,5,100,90,6
102,9,30,0.2,788,1.75,0.289,5,100,90,6
102,10,30,0.2,788,1.75,0.289,5,100,90,6
103,1,10,0.5,788,1.75,0.289,5,100,90,6
103,2,10,0.5,788,1.75,0.289,5,100,90,6
103,3,10,0.5,788,1.75,0.289,5,100,90,6
103,4,10,0.5,788,1.75,0.289,5,100,90,6
103,5,10,0.5,788,1.75,0.289,5,100,90,6
103,6,10,0.5,788,1.75,0.289,5,100,90,6
103,7,10,0.5,788,1.75,0.289,5,100,90,6
103,8,10,0.5,788,1.75,0.289,5,100,90,6
103,9,10,0.5,788,1.75,0.289,5,100,90,6
103,10,10,0.5,788,1.75,0.289,5,100,90,6
104,1,30,0.5,788,1.75,0.289,5,100,90,6
104,2,30,0.5,788,1.75,0.289,5,100,90,6
104,3,30,0.5,788,1.75,0.289,5,100,90,6
104,4,30,0.5,788,1.75,0.289,5,100,90,6
104,5,30,0.5,788,1.75,0.289,5,100,90,6
104,6,30,0.5,788,1.75,0.289,5,100,90,6
104,7,30,0.5,788,1.75,0.289,5,100,90,6
104,8,30,0.5,788,1.75,0.289,5,100,90,6
104,9,30,0.5,788,1.75,0.289,5,100,90,6
104,10,30,0.5,788,1.75,0.289,5,100,90,6
105,1,10,0.2,352,2.954,0.2889,5,100,90,6
105,2,10,0.2,352,2.954,0.2889,5,100,90,6
105,3,10,0.2,352,2.954,0.2889,5,100,90,6
105,4,10,0.2,352,2.954,0.2889,5,100,90,6
105,5,10,0.2,352,2.954,0.2889,5,100,90,6
105,6,10,0.2,352,2.954,0.2889,5,100,90,6
105,7,10,0.2,352,2.954,0.2889,5,100,90,6
105,8,10,0.2,352,2.954,0.2889,5,100,90,6
105,9,10,0.2,352,2.954,0.2889,5,100,90,6
105,10,10,0.2,352,2.954,0.2889,5,100,90,6
106,1,30,0.2,352,2.954,0.2889,5,100,90,6
106,2,30,0.2,352,2.954,0.2889,5,100,90,6
106,3,30,0.2,352,2.954,0.2889,5,100,90,6
106,4,30,0.2,352,2.954,0.2889,5,100,90,6
106,5,30,0.2,352,2.954,0.2889,5,100,90,6
106,6,30,0.2,352,2.954,0.2889,5,100,90,6
106,7,30,0.2,352,2.954,0.2889,5,100,90,6
106,8,30,0.2,352,2.954,0.2889,5,100,90,6
106,9,30,0.2,352,2.954,0.2889,5,100,90,6
106,10,30,0.2,352,2.954,0.2889,5,100,90,6
107,1,10,0.5,352,2.954,0.2889,5,100,90,6
107,2,10,0.5,352,2.954,0.2889,5,100,90,6
107,3,10,0.5,352,2.954,0.2889,5,100,90,6
107,4,10,0.5,352,2.954,0.2889,5,100,90,6
107,5,10,0.5,352,2.954,0.2889,5,100,90,6
107,6,10,0.5,352,2.954,0.2889,5,100,90,6
107,7,10,0.5,352,2.954,0.2889,5,100,90,6
107,8,10,0.5,352,2.954,0.2889,5,100,90,6
107,9,10,0.5,352,2.954,0.2889,5,100,90,6
107,10,10,0.5,352,2.954,0.2889,5,100,90,6
108,1,30,0.5,352,2.954,0.2889,5,100,90,6
108,2,30,0.5,352,2.954,0.2889,5,100,90,6
108,3,30,0.5,352,2.954,0.2889,5,100,90,6
108,4,30,0.5,352,2.954,0.2889,5,100,90,6
108,5,30,0.5,352,2.954,0.2889,5,100,90,6
108,6,30,0.5,352,2.954,0.2889,5,100,90,6
108,7,30,0.5,352,2.954,0.2889,5,100,90,6
108,8,30,0.5,352,2.954,0.2889,5,100,90,6
108,9,30,0.5,352,2.954,0.2889,5,100,90,6
108,10,30,0.5,352,2.954,0.2889,5,100,90,6
109,1,10,0.2,788,2.954,0.2889,5,100,90,6
109,2,10,0.2,788,2.954,0.2889,5,100,90,6
109,3,10,0.2,788,2.954,0.2889,5,100,90,6
109,4,10,0.2,788,2.954,0.2889,5,100,90,6
109,5,10,0.2,788,2.954,0.2889,5,100,90,6
109,6,10,0.2,788,2.954,0.2889,5,100,90,6
109,7,10,0.2,788,2.954,0.2889,5,100,90,6
109,8,10,0.2,788,2.954,0.2889,5,100,90,6
109,9,10,0.2,788,2.954,0.2889,5,100,90,6
109,10,10,0.2,788,2.954,0.2889,5,100,90,6
110,1,30,0.2,788,2.954,0.2889,5,100,90,6
110,2,30,0.2,788,2.954,0.2889,5,100,90,6
110,3,30,0.2,788,2.954,0.2889,5,100,90,6
110,4,30,0.2,788,2.954,0.2889,5,100,90,6
110,5,30,0.2,788,2.954,0.2889,5,100,90,6
110,6,30,0.2,788,2.954,0.2889,5,100,90,6
110,7,30,0.2,788,2.954,0.2889,5,100,90,6
110,8,30,0.2,788,2.954,0.2889,5,100,90,6
110,9,30,0.2,788,2.954,0.2889,5,100,90,6
110,10,30,0.2,788,2.954,0.2889,5,100,90,6
111,1,10,0.5,788,2.954,0.2889,5,100,90,6
111,2,10,0.5,788,2.954,0.2889,5,100,90,6
111,3,10,0.5,788,2.954,0.2889,5,100,90,6
111,4,10,0.5,788,2.954,0.2889,5,100,90,6
111,5,10,0.5,788,2.954,0.2889,5,100,90,6
111,6,10,0.5,788,2.954,0.2889,5,100,90,6
111,7,10,0.5,788,2.954,0.2889,5,100,90,6
111,8,10,0.5,788,2.954,0.2889,5,100,90,6
111,9,10,0.5,788,2.954,0.2889,5,100,90,6
111,10,10,0.5,788,2.954,0.2889,5,100,90,6
112,1,30,0.5,788,2.954,0.2889,5,100,90,6
112,2,30,0.5,788,2.954,0.2889,5,100,90,6
112,3,30,0.5,788,2.954,0.2889,5,100,90,6
112,4,30,0.5,788,2.954,0.2889,5,100,90,6
112,5,30,0.5,788,2.954,0.2889,5,100,90,6
112,6,30,0.5,788,2.954,0.2889,5,100,90,6
112,7,30,0.5,788,2.954,0.2889,5,100,90,6
112,8,30,0.5,788,2.954,0.2889,5,100,90,6
112,9,30,0.5,788,2.954,0.2889,5,100,90,6
112,10,30,0.5,788,2.954,0.2889,5,100,90,6
113,1,10,0.2,352,1.75,0.289,30,100,90,6
113,2,10,0.2,352,1.75,0.289,30,100,90,6
113,3,10,0.2,352,1.75,0.289,30,100,90,6
113,4,10,0.2,352,1.75,0.289,30,100,90,6
113,5,10,0.2,352,1.75,0.289,30,100,90,6
113,6,10,0.2,352,1.75,0.289,30,100,90,6
113,7,10,0.2,352,1.75,0.289,30,100,90,6
113,8,10,0.2,352,1.75,0.289,30,100,90,6
113,9,10,0.2,352,1.75,0.289,30,100,90,6
113,10,10,0.2,352,1.75,0.289,30,100,90,6
114,1,30,0.2,352,1.75,0.289,30,100,90,6
114,2,30,0.2,352,1.75,0.289,30,100,90,6
114,3,30,0.2,352,1.75,0.289,30,100,90,6
114,4,30,0.2,352,1.75,0.289,30,100,90,6
114,5,30,0.2,352,1.75,0.289,30,100,90,6
114,6,30,0.2,352,1.75,0.289,30,100,90,6
114,7,30,0.2,352,1.75,0.289,30,100,90,6
114,8,30,0.2,352,1.75,0.289,30,100,90,6
114,9,30,0.2,352,1.75,0.289,30,100,90,6
114,10,30,0.2,352,1.75,0.289,30,100,90,6
115,1,10,0.5,352,1.75,0.289,30,100,90,6
115,2,10,0.5,352,1.75,0.289,30,100,90,6
115,3,10,0.5,352,1.75,0.289,30,100,90,6
115,4,10,0.5,352,1.75,0.289,30,100,90,6
115,5,10,0.5,352,1.75,0.289,30,100,90,6
115,6,10,0.5,352,1.75,0.289,30,100,90,6
115,7,10,0.5,352,1.75,0.289,30,100,90,6
115,8,10,0.5,352,1.75,0.289,30,100,90,6
115,9,10,0.5,352,1.75,0.289,30,100,90,6
115,10,10,0.5,352,1.75,0.289,30,100,90,6
116,1,30,0.5,352,1.75,0.289,30,100,90,6
116,2,30,0.5,352,1.75,0.289,30,100,90,6
116,3,30,0.5,352,1.75,0.289,30,100,90,6
116,4,30,0.5,352,1.75,0.289,30,100,90,6
116,5,30,0.5,352,1.75,0.289,30,100,90,6
116,6,30,0.5,352,1.75,0.289,30,100,90,6
116,7,30,0.5,352,1.75,0.289,30,100,90,6
116,8,30,0.5,352,1.75,0.289,30,100,90,6
116,9,30,0.5,352,1.75,0.289,30,100,90,6
116,10,30,0.5,352,1.75,0.289,30,100,90,6
117,1,10,0.2,788,1.75,0.289,30,100,90,6
117,2,10,0.2,788,1.75,0.289,30,100,90,6
117,3,10,0.2,788,1.75,0.289,30,100,90,6
117,4,10,0.2,788,1.75,0.289,30,100,90,6
117,5,10,0.2,788,1.75,0.289,30,100,90,6
117,6,10,0.2,788,1.75,0.289,30,100,90,6
117,7,10,0.2,788,1.75,0.289,30,100,90,6
117,8,10,0.2,788,1.75,0.289,30,100,90,6
117,9,10,0.2,788,1.75,0.289,30,100,90,6
117,10,10,0.2,788,1.75,0.289,30,100,90,6
118,1,30,0.2,788,1.75,0.289,30,100,90,6
118,2,30,0.2,788,1.75,0.289,30,100,90,6
118,3,30,0.2,788,1.75,0.289,30,100,90,6
118,4,30,0.2,788,1.75,0.289,30,100,90,6
118,5,30,0.2,788,1.75,0.289,30,100,90,6
118,6,30,0.2,788,1.75,0.289,30,100,90,6
118,7,30,0.2,788,1.75,0.289,30,100,90,6
118,8,30,0.2,788,1.75,0.289,30,100,90,6
118,9,30,0.2,788,1.75,0.289,30,100,90,6
118,10,30,0.2,788,1.75,0.289,30,100,90,6
119,1,10,0.5,788,1.75,0.289,30,100,90,6
119,2,10,0.5,788,1.75,0.289,30,100,90,6
119,3,10,0.5,788,1.75,0.289,30,100,90,6
119,4,10,0.5,788,1.75,0.289,30,100,90,6
119,5,10,0.5,788,1.75,0.289,30,100,90,6
119,6,10,0.5,788,1.75,0.289,30,100,90,6
119,7,10,0.5,788,1.75,0.289,30,100,90,6
119,8,10,0.5,788,1.75,0.289,30,100,90,6
119,9,10,0.5,788,1.75,0.289,30,100,90,6
119,10,10,0.5,788,1.75,0.289,30,100,90,6
120,1,30,0.5,788,1.75,0.289,30,100,90,6
120,2,30,0.5,788,1.75,0.289,30,100,90,6
120,3,30,0.5,788,1.75,0.289,30,100,90,6
120,4,30,0.5,788,1.75,0.289,30,100,90,6
120,5,30,0.5,788,1.75,0.289,30,100,90,6
120,6,30,0.5,788,1.75,0.289,30,100,90,6
120,7,30,0.5,788,1.75,0.289,30,100,90,6
120,8,30,0.5,788,1.75,0.289,30,100,90,6
120,9,30,0.5,788,1.75,0.289,30,100,90,6
120,10,30,0.5,788,1.75,0.289,30,100,90,6
121,1,10,0.2,352,2.954,0.2889,30,100,90,6
121,2,10,0.2,352,2.954,0.2889,30,100,90,6
121,3,10,0.2,352,2.954,0.2889,30,100,90,6
121,4,10,0.2,352,2.954,0.2889,30,100,90,6
121,5,10,0.2,352,2.954,0.2889,30,100,90,6
121,6,10,0.2,352,2.954,0.2889,30,100,90,6
121,7,10,0.2,352,2.954,0.2889,30,100,90,6
121,8,10,0.2,352,2.954,0.2889,30,100,90,6
121,9,10,0.2,352,2.954,0.2889,30,100,90,6
121,10,10,0.2,352,2.954,0.2889,30,100,90,6
122,1,30,0.2,352,2.954,0.2889,30,100,90,6
122,2,30,0.2,352,2.954,0.2889,30,100,90,6
122,3,30,0.2,352,2.954,0.2889,30,100,90,6
122,4,30,0.2,352,2.954,0.2889,30,100,90,6
122,5,30,0.2,352,2.954,0.2889,30,100,90,6
122,6,30,0.2,352,2.954,0.2889,30,100,90,6
122,7,30,0.2,352,2.954,0.2889,30,100,90,6
122,8,30,0.2,352,2.954,0.2889,30,100,90,6
122,9,30,0.2,352,2.954,0.2889,30,100,90,6
122,10,30,0.2,352,2.954,0.2889,30,100,90,6
123,1,10,0.5,352,2.954,0.2889,30,100,90,6
123,2,10,0.5,352,2.954,0.2889,30,100,90,6
123,3,10,0.5,352,2.954,0.2889,30,100,90,6
123,4,10,0.5,352,2.954,0.2889,30,100,90,6
123,5,10,0.5,352,2.954,0.2889,30,100,90,6
123,6,10,0.5,352,2.954,0.2889,30,100,90,6
123,7,10,0.5,352,2.954,0.2889,30,100,90,6
123,8,10,0.5,352,2.954,0.2889,30,100,90,6
123,9,10,0.5,352,2.954,0.2889,30,100,90,6
123,10,10,0.5,352,2.954,0.2889,30,100,90,6
124,1,30,0.5,352,2.954,0.2889,30,100,90,6
124,2,30,0.5,352,2.954,0.2889,30,100,90,6
124,3,30,0.5,352,2.954,0.2889,30,100,90,6
124,4,30,0.5,352,2.954,0.2889,30,100,90,6
124,5,30,0.5,352,2.954,0.2889,30,100,90,6
124,6,30,0.5,352,2.954,0.2889,30,100,90,6
124,7,30,0.5,352,2.954,0.2889,30,100,90,6
124,8,30,0.5,352,2.954,0.2889,30,100,90,6
124,9,30,0.5,352,2.954,0.2889,30,100,90,6
124,10,30,0.5,352,2.954,0.2889,30,100,90,6
125,1,10,0.2,788,2.954,0.2889,30,100,90,6
125,2,10,0.2,788,2.954,0.2889,30,100,90,6
125,3,10,0.2,788,2.954,0.2889,30,100,90,6
125,4,10,0.2,788,2.954,0.2889,30,100,90,6
125,5,10,0.2,788,2.954,0.2889,30,100,90,6
125,6,10,0.2,788,2.954,0.2889,30,100,90,6
125,7,10,0.2,788,2.954,0.2889,30,100,90,6
125,8,10,0.2,788,2.954,0.2889,30,100,90,6
125,9,10,0.2,788,2.954,0.2889,30,100,90,6
125,10,10,0.2,788,2.954,0.2889,30,100,90,6
126,1,30,0.2,788,2.954,0.2889,30,100,90,6
126,2,30,0.2,788,2.954,0.2889,30,100,90,6
126,3,30,0.2,788,2.954,0.2889,30,100,90,6
126,4,30,0.2,788,2.954,0.2889,30,100,90,6
126,5,30,0.2,788,2.954,0.2889,30,100,90,6
126,6,30,0.2,788,2.954,0.2889,30,100,90,6
126,7,30,0.2,788,2.954,0.2889,30,100,90,6
126,8,30,0.2,788,2.954,0.2889,30,100,90,6
126,9,30,0.2,788,2.954,0.2889,30,100,90,6
126,10,30,0.2,788,2.954,0.2889,30,100,90,6
127,1,10,0.5,788,2.954,0.2889,30,100,90,6
127,2,10,0.5,788,2.954,0.2889,30,100,90,6
127,3,10,0.5,788,2.954,0.2889,30,100,90,6
127,4,10,0.5,788,2.954,0.2889,30,100,90,6
127,5,10,0.5,788,2.954,0.2889,30,100,90,6
127,6,10,0.5,788,2.954,0.2889,30,100,90,6
127,7,10,0.5,788,2.954,0.2889,30,100,90,6
127,8,10,0.5,788,2.954,0.2889,30,100,90,6
127,9,10,0.5,788,2.954,0.2889,30,100,90,6
127,10,10,0.5,788,2.954,0.2889,30,100,90,6
128,1,30,0.5,788,2.954,0.2889,30,100,90,6
128,2,30,0.5,788,2.954,0.2889,30,100,90,6
128,3,30,0.5,788,2.954,0.2889,30,100,90,6
128,4,30,0.5,788,2.954,0.2889,30,100,90,6
128,5,30,0.5,788,2.954,0.2889,30,100,90,6
128,6,30,0.5,788,2.954,0.2889,30,100,90,6
128,7,30,0.5,788,2.954,0.2889,30,100,90,6
128,8,30,0.5,788,2.954,0.2889,30,100,90,6
128,9,30,0.5,788,2.954,0.2889,30,100,90,6
128,10,30,0.5,788,2.954,0.2889,30,100,90,6
